file,label,variant,generator,dataset,role,m:CommunityForensics-ViT-S/384,m:SigLIP-ai-vs-human
cardd/000012.jpg,0,original,camera,cardd,train,0.001499,0.001348
cardd/000012.jpg,0,whatsapp,camera,cardd,train,0.004029,0.001469
cardd/000015.jpg,0,original,camera,cardd,train,0.025575,0.000638
cardd/000015.jpg,0,whatsapp,camera,cardd,train,0.00031,0.000943
cardd/000023.jpg,0,original,camera,cardd,train,0.000906,0.001158
cardd/000023.jpg,0,whatsapp,camera,cardd,train,0.00036,0.001661
cardd/000033.jpg,0,original,camera,cardd,train,0.001007,0.000118
cardd/000033.jpg,0,whatsapp,camera,cardd,train,0.004684,0.000184
cardd/000040.jpg,0,original,camera,cardd,train,1.2e-05,0.000242
cardd/000040.jpg,0,whatsapp,camera,cardd,train,4e-06,0.000353
cardd/000042.jpg,0,original,camera,cardd,train,0.025374,0.000934
cardd/000042.jpg,0,whatsapp,camera,cardd,train,0.008022,0.001018
cardd/000044.jpg,0,original,camera,cardd,train,1.1e-05,0.000434
cardd/000044.jpg,0,whatsapp,camera,cardd,train,0.000686,0.000725
cardd/000057.jpg,0,original,camera,cardd,train,0.000236,0.000236
cardd/000057.jpg,0,whatsapp,camera,cardd,train,8.9e-05,0.000322
cardd/000082.jpg,0,original,camera,cardd,train,6e-06,0.000195
cardd/000082.jpg,0,whatsapp,camera,cardd,train,5e-06,0.000426
cardd/000088.jpg,0,original,camera,cardd,train,0.002319,0.001126
cardd/000088.jpg,0,whatsapp,camera,cardd,train,0.004842,0.001496
cardd/000090.jpg,0,original,camera,cardd,train,6.6e-05,9.8e-05
cardd/000090.jpg,0,whatsapp,camera,cardd,train,2.7e-05,0.000156
cardd/000106.jpg,0,original,camera,cardd,train,0.000274,0.000325
cardd/000106.jpg,0,whatsapp,camera,cardd,train,0.000529,0.000384
cardd/000128.jpg,0,original,camera,cardd,train,0.004277,0.000292
cardd/000128.jpg,0,whatsapp,camera,cardd,train,0.012196,0.000353
cardd/000152.jpg,0,original,camera,cardd,train,0.000305,0.000387
cardd/000152.jpg,0,whatsapp,camera,cardd,train,0.000178,0.000454
cardd/000165.jpg,0,original,camera,cardd,train,0.115142,0.000246
cardd/000165.jpg,0,whatsapp,camera,cardd,train,0.003115,0.000218
cardd/000175.jpg,0,original,camera,cardd,train,0.015915,0.000217
cardd/000175.jpg,0,whatsapp,camera,cardd,train,0.00451,0.000326
cardd/000185.jpg,0,original,camera,cardd,train,0.003798,0.146485
cardd/000185.jpg,0,whatsapp,camera,cardd,train,0.000221,0.002978
cardd/000191.jpg,0,original,camera,cardd,train,1.8e-05,0.000124
cardd/000191.jpg,0,whatsapp,camera,cardd,train,0.000446,0.000131
cardd/000204.jpg,0,original,camera,cardd,train,0.002363,0.000406
cardd/000204.jpg,0,whatsapp,camera,cardd,train,0.000345,0.00034
cardd/000214.jpg,0,original,camera,cardd,train,0.012494,0.015551
cardd/000214.jpg,0,whatsapp,camera,cardd,train,0.007301,0.005554
cardd/000224.jpg,0,original,camera,cardd,train,0.026106,0.000263
cardd/000224.jpg,0,whatsapp,camera,cardd,train,0.003839,0.000495
cardd/000233.jpg,0,original,camera,cardd,train,0.000586,0.057226
cardd/000233.jpg,0,whatsapp,camera,cardd,train,0.00051,0.008583
cardd/000237.jpg,0,original,camera,cardd,train,6.8e-05,0.00027
cardd/000237.jpg,0,whatsapp,camera,cardd,train,0.000157,0.000285
cardd/000253.jpg,0,original,camera,cardd,train,0.000175,8e-05
cardd/000253.jpg,0,whatsapp,camera,cardd,train,0.000454,8.7e-05
cardd/000267.jpg,0,original,camera,cardd,train,1.6e-05,0.002335
cardd/000267.jpg,0,whatsapp,camera,cardd,train,0.000276,0.016332
cardd/000288.jpg,0,original,camera,cardd,train,0.002487,0.001258
cardd/000288.jpg,0,whatsapp,camera,cardd,train,0.000261,0.003619
cardd/000293.jpg,0,original,camera,cardd,train,6e-06,0.000985
cardd/000293.jpg,0,whatsapp,camera,cardd,train,1.4e-05,0.001855
cardd/000297.jpg,0,original,camera,cardd,train,3e-06,0.000708
cardd/000297.jpg,0,whatsapp,camera,cardd,train,7e-06,0.000803
cardd/000310.jpg,0,original,camera,cardd,train,0.00864,0.000278
cardd/000310.jpg,0,whatsapp,camera,cardd,train,0.008321,0.000336
cardd/000320.jpg,0,original,camera,cardd,train,0.096314,0.00019
cardd/000320.jpg,0,whatsapp,camera,cardd,train,0.000673,0.000259
cardd/000330.jpg,0,original,camera,cardd,train,0.022956,0.000735
cardd/000330.jpg,0,whatsapp,camera,cardd,train,0.004133,0.000886
cardd/000340.jpg,0,original,camera,cardd,train,0.000753,0.000183
cardd/000340.jpg,0,whatsapp,camera,cardd,train,0.001125,0.000265
cardd/000348.jpg,0,original,camera,cardd,train,0.000189,0.000307
cardd/000348.jpg,0,whatsapp,camera,cardd,train,0.000979,0.000791
cardd/000353.jpg,0,original,camera,cardd,train,0.000736,0.003394
cardd/000353.jpg,0,whatsapp,camera,cardd,train,0.000422,0.004178
cardd/000387.jpg,0,original,camera,cardd,train,0.000228,0.000735
cardd/000387.jpg,0,whatsapp,camera,cardd,train,4.4e-05,0.001326
cardd/000400.jpg,0,original,camera,cardd,train,0.313845,0.000922
cardd/000400.jpg,0,whatsapp,camera,cardd,train,0.003125,0.001094
cardd/000404.jpg,0,original,camera,cardd,train,0.000308,2e-05
cardd/000404.jpg,0,whatsapp,camera,cardd,train,0.000159,1.8e-05
cardd/000415.jpg,0,original,camera,cardd,train,0.000101,0.000505
cardd/000415.jpg,0,whatsapp,camera,cardd,train,7.1e-05,0.003112
cardd/000422.jpg,0,original,camera,cardd,train,0.001492,0.00048
cardd/000422.jpg,0,whatsapp,camera,cardd,train,6.3e-05,0.000709
cardd/000424.jpg,0,original,camera,cardd,train,0.745994,0.003844
cardd/000424.jpg,0,whatsapp,camera,cardd,train,0.039054,0.001637
cardd/000433.jpg,0,original,camera,cardd,train,0.029433,0.00012
cardd/000433.jpg,0,whatsapp,camera,cardd,train,0.003913,0.000163
cardd/000452.jpg,0,original,camera,cardd,train,2.2e-05,0.002718
cardd/000452.jpg,0,whatsapp,camera,cardd,train,2.3e-05,0.002903
cardd/000466.jpg,0,original,camera,cardd,train,0.001964,3.4e-05
cardd/000466.jpg,0,whatsapp,camera,cardd,train,0.001101,4.3e-05
cardd/000468.jpg,0,original,camera,cardd,train,0.003879,0.000197
cardd/000468.jpg,0,whatsapp,camera,cardd,train,0.001437,0.000241
cardd/000481.jpg,0,original,camera,cardd,train,0.000966,0.003457
cardd/000481.jpg,0,whatsapp,camera,cardd,train,1.3e-05,0.009341
cardd/000488.jpg,0,original,camera,cardd,train,0.002702,0.001717
cardd/000488.jpg,0,whatsapp,camera,cardd,train,0.001011,0.00218
cardd/000513.jpg,0,original,camera,cardd,train,0.095563,0.000111
cardd/000513.jpg,0,whatsapp,camera,cardd,train,0.062703,0.000105
cardd/000514.jpg,0,original,camera,cardd,train,0.001017,0.003739
cardd/000514.jpg,0,whatsapp,camera,cardd,train,0.000217,0.011835
cardd/000520.jpg,0,original,camera,cardd,train,0.015121,0.005281
cardd/000520.jpg,0,whatsapp,camera,cardd,train,2.6e-05,0.005251
cardd/000541.jpg,0,original,camera,cardd,train,0.000423,0.001013
cardd/000541.jpg,0,whatsapp,camera,cardd,train,3.3e-05,0.001595
cardd/000550.jpg,0,original,camera,cardd,train,0.000212,0.00039
cardd/000550.jpg,0,whatsapp,camera,cardd,train,3.7e-05,0.001388
cardd/000565.jpg,0,original,camera,cardd,train,0.001496,0.000527
cardd/000565.jpg,0,whatsapp,camera,cardd,train,0.000873,0.00144
cardd/000567.jpg,0,original,camera,cardd,train,1e-05,0.000154
cardd/000567.jpg,0,whatsapp,camera,cardd,train,7.3e-05,0.00041
cardd/000570.jpg,0,original,camera,cardd,train,0.036016,0.000668
cardd/000570.jpg,0,whatsapp,camera,cardd,train,0.001592,0.000625
cardd/000589.jpg,0,original,camera,cardd,train,0.000238,0.000105
cardd/000589.jpg,0,whatsapp,camera,cardd,train,7.7e-05,0.000103
cardd/000603.jpg,0,original,camera,cardd,train,1.1e-05,0.104348
cardd/000603.jpg,0,whatsapp,camera,cardd,train,5.8e-05,0.592144
cardd/000611.jpg,0,original,camera,cardd,train,0.000124,0.000193
cardd/000611.jpg,0,whatsapp,camera,cardd,train,4.6e-05,0.000488
cardd/000625.jpg,0,original,camera,cardd,train,0.001923,0.00097
cardd/000625.jpg,0,whatsapp,camera,cardd,train,0.01029,0.000206
cardd/000638.jpg,0,original,camera,cardd,train,6e-05,0.007077
cardd/000638.jpg,0,whatsapp,camera,cardd,train,0.002333,0.001793
cardd/000648.jpg,0,original,camera,cardd,train,1e-06,0.00049
cardd/000648.jpg,0,whatsapp,camera,cardd,train,0.0,0.001578
cardd/000659.jpg,0,original,camera,cardd,train,0.000637,0.000136
cardd/000659.jpg,0,whatsapp,camera,cardd,train,9e-05,0.000151
cardd/000670.jpg,0,original,camera,cardd,train,0.000136,0.000358
cardd/000670.jpg,0,whatsapp,camera,cardd,train,0.000682,0.000443
cardd/000687.jpg,0,original,camera,cardd,train,0.015287,0.000111
cardd/000687.jpg,0,whatsapp,camera,cardd,train,0.001684,0.000249
cardd/000693.jpg,0,original,camera,cardd,train,0.016886,0.000563
cardd/000693.jpg,0,whatsapp,camera,cardd,train,0.002602,0.000821
cardd/000696.jpg,0,original,camera,cardd,train,0.002787,0.001293
cardd/000696.jpg,0,whatsapp,camera,cardd,train,0.000356,0.001793
cardd/000698.jpg,0,original,camera,cardd,train,0.260962,0.000117
cardd/000698.jpg,0,whatsapp,camera,cardd,train,0.001466,0.000154
cardd/000702.jpg,0,original,camera,cardd,train,0.406902,0.002047
cardd/000702.jpg,0,whatsapp,camera,cardd,train,0.005456,0.001169
cardd/000720.jpg,0,original,camera,cardd,train,0.001146,0.00047
cardd/000720.jpg,0,whatsapp,camera,cardd,train,0.000352,0.001491
cardd/000730.jpg,0,original,camera,cardd,train,2.9e-05,0.000169
cardd/000730.jpg,0,whatsapp,camera,cardd,train,1e-05,0.000185
cardd/000740.jpg,0,original,camera,cardd,train,0.014876,0.000611
cardd/000740.jpg,0,whatsapp,camera,cardd,train,0.003663,0.000675
cardd/000749.jpg,0,original,camera,cardd,train,0.002935,0.000365
cardd/000749.jpg,0,whatsapp,camera,cardd,train,0.002439,0.000669
cardd/000766.jpg,0,original,camera,cardd,train,4e-05,0.000774
cardd/000766.jpg,0,whatsapp,camera,cardd,train,4.6e-05,0.001556
cardd/000778.jpg,0,original,camera,cardd,train,6.8e-05,0.000741
cardd/000778.jpg,0,whatsapp,camera,cardd,train,0.000186,0.001058
cardd/000787.jpg,0,original,camera,cardd,train,0.991578,0.001659
cardd/000787.jpg,0,whatsapp,camera,cardd,train,0.777617,0.002425
cardd/000796.jpg,0,original,camera,cardd,train,0.91626,0.009408
cardd/000796.jpg,0,whatsapp,camera,cardd,train,0.201377,0.003782
cardd/000809.jpg,0,original,camera,cardd,train,2.7e-05,0.000551
cardd/000809.jpg,0,whatsapp,camera,cardd,train,0.000191,0.001015
cardd/000811.jpg,0,original,camera,cardd,train,0.000119,0.001193
cardd/000811.jpg,0,whatsapp,camera,cardd,train,5.1e-05,0.004371
cardd/000822.jpg,0,original,camera,cardd,train,9e-05,0.000366
cardd/000822.jpg,0,whatsapp,camera,cardd,train,4.6e-05,0.000714
cardd/000831.jpg,0,original,camera,cardd,train,0.147295,0.000211
cardd/000831.jpg,0,whatsapp,camera,cardd,train,0.173081,0.000299
cardd/000834.jpg,0,original,camera,cardd,train,0.029898,0.000282
cardd/000834.jpg,0,whatsapp,camera,cardd,train,0.000358,0.000292
cardd/000848.jpg,0,original,camera,cardd,train,0.000218,0.001501
cardd/000848.jpg,0,whatsapp,camera,cardd,train,0.000494,0.001013
cardd/000856.jpg,0,original,camera,cardd,train,1.3e-05,0.000165
cardd/000856.jpg,0,whatsapp,camera,cardd,train,2.8e-05,0.000359
cardd/000869.jpg,0,original,camera,cardd,train,0.110869,0.000684
cardd/000869.jpg,0,whatsapp,camera,cardd,train,0.002445,0.000681
cardd/000875.jpg,0,original,camera,cardd,train,0.011165,0.000445
cardd/000875.jpg,0,whatsapp,camera,cardd,train,0.011844,0.000812
cardd/000883.jpg,0,original,camera,cardd,train,0.000303,0.001858
cardd/000883.jpg,0,whatsapp,camera,cardd,train,8.4e-05,0.00243
cardd/000886.jpg,0,original,camera,cardd,train,1e-05,0.000141
cardd/000886.jpg,0,whatsapp,camera,cardd,train,0.000125,4.5e-05
cardd/000889.jpg,0,original,camera,cardd,train,0.003243,0.000239
cardd/000889.jpg,0,whatsapp,camera,cardd,train,0.004057,0.000238
cardd/000905.jpg,0,original,camera,cardd,train,0.023764,0.999963
cardd/000905.jpg,0,whatsapp,camera,cardd,train,0.014315,0.999944
cardd/000909.jpg,0,original,camera,cardd,train,0.000644,0.000707
cardd/000909.jpg,0,whatsapp,camera,cardd,train,0.000338,0.000353
cardd/000914.jpg,0,original,camera,cardd,train,0.000905,0.000213
cardd/000914.jpg,0,whatsapp,camera,cardd,train,0.023727,0.000272
cardd/000926.jpg,0,original,camera,cardd,train,0.00887,0.000314
cardd/000926.jpg,0,whatsapp,camera,cardd,train,0.007493,0.000637
cardd/000950.jpg,0,original,camera,cardd,train,0.115835,4.6e-05
cardd/000950.jpg,0,whatsapp,camera,cardd,train,0.024673,4.9e-05
cardd/000965.jpg,0,original,camera,cardd,train,0.008956,0.000229
cardd/000965.jpg,0,whatsapp,camera,cardd,train,0.002829,0.000491
cardd/000969.jpg,0,original,camera,cardd,train,0.586715,0.002405
cardd/000969.jpg,0,whatsapp,camera,cardd,train,0.216717,0.00253
cardd/000988.jpg,0,original,camera,cardd,train,0.000525,0.000188
cardd/000988.jpg,0,whatsapp,camera,cardd,train,0.000166,0.000221
cardd/000996.jpg,0,original,camera,cardd,train,0.003228,0.000103
cardd/000996.jpg,0,whatsapp,camera,cardd,train,0.000729,0.000127
cardd/001016.jpg,0,original,camera,cardd,train,0.007011,0.000145
cardd/001016.jpg,0,whatsapp,camera,cardd,train,0.006685,0.000178
cardd/001024.jpg,0,original,camera,cardd,train,5.1e-05,0.000151
cardd/001024.jpg,0,whatsapp,camera,cardd,train,0.000142,0.000193
cardd/001039.jpg,0,original,camera,cardd,train,0.027804,0.000131
cardd/001039.jpg,0,whatsapp,camera,cardd,train,0.000641,0.000231
cardd/001040.jpg,0,original,camera,cardd,train,0.001116,0.002301
cardd/001040.jpg,0,whatsapp,camera,cardd,train,0.000224,0.001133
cardd/001043.jpg,0,original,camera,cardd,train,9.7e-05,0.000149
cardd/001043.jpg,0,whatsapp,camera,cardd,train,1.5e-05,0.000814
cardd/001058.jpg,0,original,camera,cardd,train,2.1e-05,0.000411
cardd/001058.jpg,0,whatsapp,camera,cardd,train,1.4e-05,0.00078
cardd/001071.jpg,0,original,camera,cardd,train,0.000279,0.000514
cardd/001071.jpg,0,whatsapp,camera,cardd,train,0.000321,0.000653
cardd/001078.jpg,0,original,camera,cardd,train,2.7e-05,0.000126
cardd/001078.jpg,0,whatsapp,camera,cardd,train,1.1e-05,0.000123
cardd/001088.jpg,0,original,camera,cardd,train,2.7e-05,0.006765
cardd/001088.jpg,0,whatsapp,camera,cardd,train,4.3e-05,0.015918
cardd/001098.jpg,0,original,camera,cardd,train,0.001932,0.000278
cardd/001098.jpg,0,whatsapp,camera,cardd,train,0.000186,0.001372
cardd/001118.jpg,0,original,camera,cardd,train,6.5e-05,0.004491
cardd/001118.jpg,0,whatsapp,camera,cardd,train,8.4e-05,0.217715
cardd/001122.jpg,0,original,camera,cardd,train,0.00021,0.000228
cardd/001122.jpg,0,whatsapp,camera,cardd,train,6.8e-05,0.000384
cardd/001130.jpg,0,original,camera,cardd,train,8e-06,0.000591
cardd/001130.jpg,0,whatsapp,camera,cardd,train,3e-06,0.00065
cardd/001163.jpg,0,original,camera,cardd,train,0.0007,0.00093
cardd/001163.jpg,0,whatsapp,camera,cardd,train,6.9e-05,0.011944
cardd/001168.jpg,0,original,camera,cardd,train,0.000108,0.000185
cardd/001168.jpg,0,whatsapp,camera,cardd,train,1.3e-05,0.000266
cardd/001169.jpg,0,original,camera,cardd,train,0.001132,0.000727
cardd/001169.jpg,0,whatsapp,camera,cardd,train,0.00063,0.001326
cardd/001180.jpg,0,original,camera,cardd,train,0.000593,0.000365
cardd/001180.jpg,0,whatsapp,camera,cardd,train,4.9e-05,0.00079
cardd/001196.jpg,0,original,camera,cardd,train,0.001984,0.000706
cardd/001196.jpg,0,whatsapp,camera,cardd,train,0.000277,0.000785
cardd/001236.jpg,0,original,camera,cardd,train,0.061881,0.000991
cardd/001236.jpg,0,whatsapp,camera,cardd,train,0.132229,0.000964
cardd/001240.jpg,0,original,camera,cardd,train,0.000425,0.00387
cardd/001240.jpg,0,whatsapp,camera,cardd,train,0.001047,0.000561
cardd/001256.jpg,0,original,camera,cardd,train,0.000782,0.000557
cardd/001256.jpg,0,whatsapp,camera,cardd,train,0.000572,0.000907
cardd/001259.jpg,0,original,camera,cardd,train,0.001025,7.7e-05
cardd/001259.jpg,0,whatsapp,camera,cardd,train,0.000157,8.8e-05
cardd/001263.jpg,0,original,camera,cardd,train,0.059794,0.000598
cardd/001263.jpg,0,whatsapp,camera,cardd,train,0.068815,0.000534
cardd/001267.jpg,0,original,camera,cardd,train,8.8e-05,2e-05
cardd/001267.jpg,0,whatsapp,camera,cardd,train,0.000646,1.9e-05
cardd/001268.jpg,0,original,camera,cardd,train,1.2e-05,0.000658
cardd/001268.jpg,0,whatsapp,camera,cardd,train,1.9e-05,0.001338
cardd/001272.jpg,0,original,camera,cardd,train,4.1e-05,0.001758
cardd/001272.jpg,0,whatsapp,camera,cardd,train,1.6e-05,0.001438
cardd/001282.jpg,0,original,camera,cardd,train,0.000625,0.000137
cardd/001282.jpg,0,whatsapp,camera,cardd,train,5.7e-05,0.000206
cardd/001307.jpg,0,original,camera,cardd,train,0.005988,0.00035
cardd/001307.jpg,0,whatsapp,camera,cardd,train,0.001319,0.000779
cardd/001314.jpg,0,original,camera,cardd,train,6.4e-05,0.000503
cardd/001314.jpg,0,whatsapp,camera,cardd,train,0.000214,0.000557
cardd/001327.jpg,0,original,camera,cardd,train,7e-05,0.000199
cardd/001327.jpg,0,whatsapp,camera,cardd,train,5.2e-05,0.000344
cardd/001358.jpg,0,original,camera,cardd,train,0.042734,0.00086
cardd/001358.jpg,0,whatsapp,camera,cardd,train,0.038675,0.000853
cardd/001367.jpg,0,original,camera,cardd,train,7e-06,0.003189
cardd/001367.jpg,0,whatsapp,camera,cardd,train,4.4e-05,0.001984
cardd/001368.jpg,0,original,camera,cardd,train,0.003318,0.001512
cardd/001368.jpg,0,whatsapp,camera,cardd,train,0.004936,0.00365
cardd/001372.jpg,0,original,camera,cardd,train,3e-06,0.000189
cardd/001372.jpg,0,whatsapp,camera,cardd,train,1e-05,0.000456
cardd/001394.jpg,0,original,camera,cardd,train,3e-06,0.002054
cardd/001394.jpg,0,whatsapp,camera,cardd,train,2e-06,0.001696
cardd/001396.jpg,0,original,camera,cardd,train,0.005684,0.000307
cardd/001396.jpg,0,whatsapp,camera,cardd,train,0.001414,0.000323
cardd/001402.jpg,0,original,camera,cardd,train,0.000118,0.000682
cardd/001402.jpg,0,whatsapp,camera,cardd,train,5.4e-05,4.8e-05
cardd/001409.jpg,0,original,camera,cardd,train,0.004545,0.000284
cardd/001409.jpg,0,whatsapp,camera,cardd,train,0.002995,0.000509
cardd/001424.jpg,0,original,camera,cardd,train,0.041693,0.993242
cardd/001424.jpg,0,whatsapp,camera,cardd,train,0.018993,0.009681
cardd/001437.jpg,0,original,camera,cardd,train,0.071432,0.000856
cardd/001437.jpg,0,whatsapp,camera,cardd,train,0.030357,0.002075
cardd/001459.jpg,0,original,camera,cardd,train,0.061485,0.000128
cardd/001459.jpg,0,whatsapp,camera,cardd,train,0.059528,0.000123
cardd/001483.jpg,0,original,camera,cardd,train,0.002112,0.000357
cardd/001483.jpg,0,whatsapp,camera,cardd,train,0.000842,0.000723
cardd/001488.jpg,0,original,camera,cardd,train,0.000332,0.000402
cardd/001488.jpg,0,whatsapp,camera,cardd,train,1.9e-05,0.000808
cardd/001493.jpg,0,original,camera,cardd,train,0.00458,0.000888
cardd/001493.jpg,0,whatsapp,camera,cardd,train,0.000147,0.000994
cardd/001502.jpg,0,original,camera,cardd,train,6.3e-05,0.001125
cardd/001502.jpg,0,whatsapp,camera,cardd,train,6e-05,0.000855
cardd/001506.jpg,0,original,camera,cardd,train,0.014534,0.000746
cardd/001506.jpg,0,whatsapp,camera,cardd,train,0.000255,0.002618
cardd/001517.jpg,0,original,camera,cardd,train,0.014705,0.00271
cardd/001517.jpg,0,whatsapp,camera,cardd,train,0.000726,0.000873
cardd/001524.jpg,0,original,camera,cardd,train,0.849486,0.013755
cardd/001524.jpg,0,whatsapp,camera,cardd,train,0.000518,0.003452
cardd/001536.jpg,0,original,camera,cardd,train,0.002353,0.000339
cardd/001536.jpg,0,whatsapp,camera,cardd,train,0.008617,0.000544
cardd/001558.jpg,0,original,camera,cardd,train,0.001348,0.002863
cardd/001558.jpg,0,whatsapp,camera,cardd,train,9e-06,0.00179
cardd/001562.jpg,0,original,camera,cardd,train,0.010213,0.000131
cardd/001562.jpg,0,whatsapp,camera,cardd,train,0.001516,0.000168
cardd/001582.jpg,0,original,camera,cardd,train,0.000437,0.000425
cardd/001582.jpg,0,whatsapp,camera,cardd,train,0.001661,0.000938
cardd/001587.jpg,0,original,camera,cardd,train,0.000589,0.000183
cardd/001587.jpg,0,whatsapp,camera,cardd,train,0.000138,0.000187
cardd/001594.jpg,0,original,camera,cardd,train,0.002071,0.000298
cardd/001594.jpg,0,whatsapp,camera,cardd,train,0.007405,0.000526
cardd/001610.jpg,0,original,camera,cardd,train,0.002243,0.000503
cardd/001610.jpg,0,whatsapp,camera,cardd,train,0.006979,0.002903
cardd/001617.jpg,0,original,camera,cardd,train,0.002612,0.000291
cardd/001617.jpg,0,whatsapp,camera,cardd,train,0.190497,0.000311
cardd/001627.jpg,0,original,camera,cardd,train,0.000284,0.00031
cardd/001627.jpg,0,whatsapp,camera,cardd,train,0.000422,0.000358
cardd/001633.jpg,0,original,camera,cardd,train,0.040624,0.000338
cardd/001633.jpg,0,whatsapp,camera,cardd,train,0.017385,0.000656
cardd/001637.jpg,0,original,camera,cardd,train,0.125215,0.000222
cardd/001637.jpg,0,whatsapp,camera,cardd,train,0.032918,0.000407
cardd/001641.jpg,0,original,camera,cardd,train,0.148472,0.805643
cardd/001641.jpg,0,whatsapp,camera,cardd,train,0.000631,0.047277
cardd/001660.jpg,0,original,camera,cardd,train,0.000277,0.001921
cardd/001660.jpg,0,whatsapp,camera,cardd,train,0.000331,0.000855
cardd/001665.jpg,0,original,camera,cardd,train,0.000193,0.005712
cardd/001665.jpg,0,whatsapp,camera,cardd,train,9e-05,0.027077
cardd/001671.jpg,0,original,camera,cardd,train,0.001126,0.000261
cardd/001671.jpg,0,whatsapp,camera,cardd,train,0.005452,0.000446
cardd/001701.jpg,0,original,camera,cardd,train,0.003601,0.00053
cardd/001701.jpg,0,whatsapp,camera,cardd,train,0.000123,0.000585
cardd/001709.jpg,0,original,camera,cardd,train,0.027055,0.004472
cardd/001709.jpg,0,whatsapp,camera,cardd,train,0.00195,0.006669
cardd/001720.jpg,0,original,camera,cardd,train,0.001423,0.000334
cardd/001720.jpg,0,whatsapp,camera,cardd,train,0.004638,0.001235
cardd/001746.jpg,0,original,camera,cardd,train,0.021543,0.001931
cardd/001746.jpg,0,whatsapp,camera,cardd,train,0.014684,0.002674
cardd/001751.jpg,0,original,camera,cardd,train,0.000384,0.000251
cardd/001751.jpg,0,whatsapp,camera,cardd,train,2e-05,0.000894
cardd/001768.jpg,0,original,camera,cardd,train,0.035098,0.996747
cardd/001768.jpg,0,whatsapp,camera,cardd,train,0.095222,0.006104
cardd/001799.jpg,0,original,camera,cardd,train,0.00179,5.3e-05
cardd/001799.jpg,0,whatsapp,camera,cardd,train,0.000484,6e-05
cardd/001800.jpg,0,original,camera,cardd,train,0.000234,0.000672
cardd/001800.jpg,0,whatsapp,camera,cardd,train,0.000167,0.000744
cardd/001809.jpg,0,original,camera,cardd,train,0.000125,0.998162
cardd/001809.jpg,0,whatsapp,camera,cardd,train,3.7e-05,0.997638
cardd/001820.jpg,0,original,camera,cardd,train,1.7e-05,0.000503
cardd/001820.jpg,0,whatsapp,camera,cardd,train,0.000328,0.00096
cardd/001832.jpg,0,original,camera,cardd,train,1e-06,0.00045
cardd/001832.jpg,0,whatsapp,camera,cardd,train,1.7e-05,0.002955
cardd/001837.jpg,0,original,camera,cardd,train,0.001045,0.000809
cardd/001837.jpg,0,whatsapp,camera,cardd,train,0.001198,0.000778
cardd/001843.jpg,0,original,camera,cardd,train,0.004613,0.000262
cardd/001843.jpg,0,whatsapp,camera,cardd,train,0.000615,0.000333
cardd/001874.jpg,0,original,camera,cardd,train,0.003348,0.000737
cardd/001874.jpg,0,whatsapp,camera,cardd,train,0.001037,0.000735
cardd/001879.jpg,0,original,camera,cardd,train,2.4e-05,0.012312
cardd/001879.jpg,0,whatsapp,camera,cardd,train,1.3e-05,0.005241
cardd/001885.jpg,0,original,camera,cardd,train,0.168895,0.00015
cardd/001885.jpg,0,whatsapp,camera,cardd,train,0.001302,0.000169
cardd/001899.jpg,0,original,camera,cardd,train,0.000189,0.000535
cardd/001899.jpg,0,whatsapp,camera,cardd,train,0.000435,0.002516
cardd/001900.jpg,0,original,camera,cardd,train,3e-06,0.000523
cardd/001900.jpg,0,whatsapp,camera,cardd,train,8e-06,0.001977
cardd/001910.jpg,0,original,camera,cardd,train,0.00046,0.000361
cardd/001910.jpg,0,whatsapp,camera,cardd,train,0.000111,0.000492
cardd/001917.jpg,0,original,camera,cardd,train,6.2e-05,0.000196
cardd/001917.jpg,0,whatsapp,camera,cardd,train,0.003702,0.000254
cardd/001926.jpg,0,original,camera,cardd,train,1.3e-05,0.001549
cardd/001926.jpg,0,whatsapp,camera,cardd,train,0.000166,0.000576
cardd/001939.jpg,0,original,camera,cardd,train,7.6e-05,0.00108
cardd/001939.jpg,0,whatsapp,camera,cardd,train,0.000795,0.006795
cardd/001944.jpg,0,original,camera,cardd,train,0.000173,0.000123
cardd/001944.jpg,0,whatsapp,camera,cardd,train,0.000135,0.000179
cardd/001962.jpg,0,original,camera,cardd,train,0.011813,5e-05
cardd/001962.jpg,0,whatsapp,camera,cardd,train,0.001329,5e-05
cardd/001963.jpg,0,original,camera,cardd,train,0.000643,0.005483
cardd/001963.jpg,0,whatsapp,camera,cardd,train,0.006104,0.993796
cardd/001967.jpg,0,original,camera,cardd,train,0.162584,0.010781
cardd/001967.jpg,0,whatsapp,camera,cardd,train,0.019578,0.002801
cardd/001979.jpg,0,original,camera,cardd,train,4.4e-05,0.001186
cardd/001979.jpg,0,whatsapp,camera,cardd,train,6.5e-05,0.002066
cardd/001993.jpg,0,original,camera,cardd,train,0.000737,0.000174
cardd/001993.jpg,0,whatsapp,camera,cardd,train,8.4e-05,6.6e-05
cardd/002006.jpg,0,original,camera,cardd,train,8e-06,0.002731
cardd/002006.jpg,0,whatsapp,camera,cardd,train,2e-06,0.003183
cardd/002014.jpg,0,original,camera,cardd,train,0.00602,0.000868
cardd/002014.jpg,0,whatsapp,camera,cardd,train,0.001685,0.0017
cardd/002035.jpg,0,original,camera,cardd,train,4.3e-05,0.000289
cardd/002035.jpg,0,whatsapp,camera,cardd,train,0.000171,0.000327
cardd/002045.jpg,0,original,camera,cardd,train,0.005482,0.002055
cardd/002045.jpg,0,whatsapp,camera,cardd,train,0.001698,0.001788
cardd/002056.jpg,0,original,camera,cardd,train,0.009333,0.998749
cardd/002056.jpg,0,whatsapp,camera,cardd,train,0.000452,0.998364
cardd/002062.jpg,0,original,camera,cardd,train,0.000729,0.000307
cardd/002062.jpg,0,whatsapp,camera,cardd,train,0.000345,0.000408
cardd/002072.jpg,0,original,camera,cardd,train,0.000549,0.000408
cardd/002072.jpg,0,whatsapp,camera,cardd,train,0.000763,0.000468
cardd/002090.jpg,0,original,camera,cardd,train,0.119696,0.001968
cardd/002090.jpg,0,whatsapp,camera,cardd,train,4.4e-05,0.001406
cardd/002125.jpg,0,original,camera,cardd,train,0.000105,0.000173
cardd/002125.jpg,0,whatsapp,camera,cardd,train,1.5e-05,0.000283
cardd/002138.jpg,0,original,camera,cardd,train,9e-06,0.995777
cardd/002138.jpg,0,whatsapp,camera,cardd,train,4.9e-05,0.003329
cardd/002140.jpg,0,original,camera,cardd,train,3.2e-05,0.000622
cardd/002140.jpg,0,whatsapp,camera,cardd,train,1.2e-05,0.000562
cardd/002151.jpg,0,original,camera,cardd,train,0.007891,0.000478
cardd/002151.jpg,0,whatsapp,camera,cardd,train,0.000337,0.000627
cardd/002163.jpg,0,original,camera,cardd,train,0.003196,0.001707
cardd/002163.jpg,0,whatsapp,camera,cardd,train,0.001089,0.001631
cardd/002169.jpg,0,original,camera,cardd,train,3.1e-05,0.002801
cardd/002169.jpg,0,whatsapp,camera,cardd,train,5e-06,0.003018
cardd/002189.jpg,0,original,camera,cardd,train,0.00244,0.000161
cardd/002189.jpg,0,whatsapp,camera,cardd,train,0.000409,0.000224
cardd/002194.jpg,0,original,camera,cardd,train,0.009842,0.003142
cardd/002194.jpg,0,whatsapp,camera,cardd,train,0.013123,0.001601
cardd/002213.jpg,0,original,camera,cardd,train,0.001513,0.003408
cardd/002213.jpg,0,whatsapp,camera,cardd,train,4.7e-05,0.00493
cardd/002235.jpg,0,original,camera,cardd,train,0.001263,0.000438
cardd/002235.jpg,0,whatsapp,camera,cardd,train,0.008534,0.000423
cardd/002240.jpg,0,original,camera,cardd,train,3e-06,0.002013
cardd/002240.jpg,0,whatsapp,camera,cardd,train,6.7e-05,0.002163
cardd/002252.jpg,0,original,camera,cardd,train,0.000293,0.000947
cardd/002252.jpg,0,whatsapp,camera,cardd,train,0.000226,0.001292
cardd/002262.jpg,0,original,camera,cardd,train,0.039709,0.005877
cardd/002262.jpg,0,whatsapp,camera,cardd,train,8.5e-05,0.004682
cardd/002267.jpg,0,original,camera,cardd,train,0.006364,0.00206
cardd/002267.jpg,0,whatsapp,camera,cardd,train,0.003877,0.003625
cardd/002270.jpg,0,original,camera,cardd,train,5.1e-05,0.002141
cardd/002270.jpg,0,whatsapp,camera,cardd,train,6e-06,0.004015
cardd/002275.jpg,0,original,camera,cardd,train,0.000141,0.000452
cardd/002275.jpg,0,whatsapp,camera,cardd,train,3.5e-05,0.000448
cardd/002294.jpg,0,original,camera,cardd,train,0.002331,0.00134
cardd/002294.jpg,0,whatsapp,camera,cardd,train,0.000336,0.002211
cardd/002299.jpg,0,original,camera,cardd,train,0.388816,0.00126
cardd/002299.jpg,0,whatsapp,camera,cardd,train,0.001,0.000597
cardd/002307.jpg,0,original,camera,cardd,train,0.002206,0.000217
cardd/002307.jpg,0,whatsapp,camera,cardd,train,0.000625,0.000258
cardd/002314.jpg,0,original,camera,cardd,train,0.00843,8.9e-05
cardd/002314.jpg,0,whatsapp,camera,cardd,train,0.002218,9.8e-05
cardd/002326.jpg,0,original,camera,cardd,train,4e-06,0.001888
cardd/002326.jpg,0,whatsapp,camera,cardd,train,8e-06,0.002566
cardd/002330.jpg,0,original,camera,cardd,train,1.4e-05,0.000418
cardd/002330.jpg,0,whatsapp,camera,cardd,train,2.7e-05,0.002101
cardd/002356.jpg,0,original,camera,cardd,train,0.001168,0.000521
cardd/002356.jpg,0,whatsapp,camera,cardd,train,0.000806,0.000546
cardd/002358.jpg,0,original,camera,cardd,train,0.0009,0.000545
cardd/002358.jpg,0,whatsapp,camera,cardd,train,0.014039,0.000637
cardd/002380.jpg,0,original,camera,cardd,train,0.005984,0.001112
cardd/002380.jpg,0,whatsapp,camera,cardd,train,0.00121,0.001368
cardd/002385.jpg,0,original,camera,cardd,train,0.000823,0.001419
cardd/002385.jpg,0,whatsapp,camera,cardd,train,0.006941,0.00149
cardd/002393.jpg,0,original,camera,cardd,train,5.1e-05,0.00093
cardd/002393.jpg,0,whatsapp,camera,cardd,train,3e-05,0.001235
cardd/002407.jpg,0,original,camera,cardd,train,2.5e-05,0.003383
cardd/002407.jpg,0,whatsapp,camera,cardd,train,8e-06,0.00589
cardd/002409.jpg,0,original,camera,cardd,train,0.005881,0.003306
cardd/002409.jpg,0,whatsapp,camera,cardd,train,0.000833,0.093663
cardd/002422.jpg,0,original,camera,cardd,train,0.020166,0.02238
cardd/002422.jpg,0,whatsapp,camera,cardd,train,0.038404,0.006427
cardd/002439.jpg,0,original,camera,cardd,train,0.0,0.000102
cardd/002439.jpg,0,whatsapp,camera,cardd,train,1e-06,0.000111
cardd/002448.jpg,0,original,camera,cardd,train,0.002829,0.000613
cardd/002448.jpg,0,whatsapp,camera,cardd,train,0.000747,0.000874
cardd/002461.jpg,0,original,camera,cardd,train,0.50099,0.001015
cardd/002461.jpg,0,whatsapp,camera,cardd,train,0.193286,0.000927
cardd/002467.jpg,0,original,camera,cardd,train,0.001254,0.001702
cardd/002467.jpg,0,whatsapp,camera,cardd,train,0.00015,0.001695
cardd/002475.jpg,0,original,camera,cardd,train,0.004975,0.001257
cardd/002475.jpg,0,whatsapp,camera,cardd,train,0.000423,0.000508
cardd/002481.jpg,0,original,camera,cardd,train,3.8e-05,0.001471
cardd/002481.jpg,0,whatsapp,camera,cardd,train,1.2e-05,0.001096
cardd/002483.jpg,0,original,camera,cardd,train,2e-06,0.000532
cardd/002483.jpg,0,whatsapp,camera,cardd,train,2e-06,0.000513
cardd/002498.jpg,0,original,camera,cardd,train,0.009569,0.000448
cardd/002498.jpg,0,whatsapp,camera,cardd,train,0.006775,0.004511
cardd/002502.jpg,0,original,camera,cardd,train,0.018048,0.001408
cardd/002502.jpg,0,whatsapp,camera,cardd,train,0.007991,0.002012
cardd/002508.jpg,0,original,camera,cardd,train,0.134177,5.9e-05
cardd/002508.jpg,0,whatsapp,camera,cardd,train,0.007753,6.6e-05
cardd/002514.jpg,0,original,camera,cardd,train,1.7e-05,0.000754
cardd/002514.jpg,0,whatsapp,camera,cardd,train,2.5e-05,0.00152
cardd/002534.jpg,0,original,camera,cardd,train,3e-06,0.1532
cardd/002534.jpg,0,whatsapp,camera,cardd,train,4e-06,0.008441
cardd/002545.jpg,0,original,camera,cardd,train,0.000203,0.00039
cardd/002545.jpg,0,whatsapp,camera,cardd,train,3e-05,0.000675
cardd/002552.jpg,0,original,camera,cardd,train,0.002006,0.000908
cardd/002552.jpg,0,whatsapp,camera,cardd,train,0.001406,0.001823
cardd/002567.jpg,0,original,camera,cardd,train,6.2e-05,0.000273
cardd/002567.jpg,0,whatsapp,camera,cardd,train,4.2e-05,0.000284
cardd/002590.jpg,0,original,camera,cardd,train,0.004267,0.00279
cardd/002590.jpg,0,whatsapp,camera,cardd,train,0.002148,0.05126
cardd/002597.jpg,0,original,camera,cardd,train,6.2e-05,0.001109
cardd/002597.jpg,0,whatsapp,camera,cardd,train,1.3e-05,0.004225
cardd/002601.jpg,0,original,camera,cardd,train,0.001881,0.000645
cardd/002601.jpg,0,whatsapp,camera,cardd,train,0.001372,0.000787
cardd/002612.jpg,0,original,camera,cardd,train,0.014742,0.000584
cardd/002612.jpg,0,whatsapp,camera,cardd,train,0.000604,0.000483
cardd/002621.jpg,0,original,camera,cardd,train,0.02113,0.000456
cardd/002621.jpg,0,whatsapp,camera,cardd,train,0.024418,0.000351
cardd/002624.jpg,0,original,camera,cardd,train,0.000447,0.000363
cardd/002624.jpg,0,whatsapp,camera,cardd,train,0.000712,0.000419
cardd/002628.jpg,0,original,camera,cardd,train,0.001109,6.8e-05
cardd/002628.jpg,0,whatsapp,camera,cardd,train,0.000102,8.4e-05
cardd/002646.jpg,0,original,camera,cardd,train,1.1e-05,0.002201
cardd/002646.jpg,0,whatsapp,camera,cardd,train,1e-06,0.00153
cardd/002661.jpg,0,original,camera,cardd,train,0.029647,0.04247
cardd/002661.jpg,0,whatsapp,camera,cardd,train,0.012105,0.02174
cardd/002664.jpg,0,original,camera,cardd,train,0.069422,0.000155
cardd/002664.jpg,0,whatsapp,camera,cardd,train,0.017759,0.000164
cardd/002694.jpg,0,original,camera,cardd,train,0.843339,0.00018
cardd/002694.jpg,0,whatsapp,camera,cardd,train,0.016507,0.000254
cardd/002707.jpg,0,original,camera,cardd,train,0.020851,0.004805
cardd/002707.jpg,0,whatsapp,camera,cardd,train,0.008993,0.002606
cardd/002716.jpg,0,original,camera,cardd,train,0.035227,0.001308
cardd/002716.jpg,0,whatsapp,camera,cardd,train,0.040914,0.002078
cardd/002728.jpg,0,original,camera,cardd,train,3e-06,0.000404
cardd/002728.jpg,0,whatsapp,camera,cardd,train,1.1e-05,0.000946
cardd/002741.jpg,0,original,camera,cardd,train,0.043693,0.046363
cardd/002741.jpg,0,whatsapp,camera,cardd,train,0.000218,0.004523
cardd/002752.jpg,0,original,camera,cardd,train,0.008198,0.000609
cardd/002752.jpg,0,whatsapp,camera,cardd,train,0.377875,0.002068
cardd/002766.jpg,0,original,camera,cardd,train,0.862343,0.002697
cardd/002766.jpg,0,whatsapp,camera,cardd,train,0.348806,0.002311
cardd/002776.jpg,0,original,camera,cardd,train,0.023477,0.000531
cardd/002776.jpg,0,whatsapp,camera,cardd,train,0.006184,0.000508
cardd/002789.jpg,0,original,camera,cardd,train,0.000561,0.001114
cardd/002789.jpg,0,whatsapp,camera,cardd,train,0.00015,0.003221
cardd/002801.jpg,0,original,camera,cardd,train,0.589541,0.000766
cardd/002801.jpg,0,whatsapp,camera,cardd,train,0.030516,0.001007
cardd/002803.jpg,0,original,camera,cardd,train,0.000153,0.000548
cardd/002803.jpg,0,whatsapp,camera,cardd,train,0.000236,0.000792
cardd/002810.jpg,0,original,camera,cardd,train,0.001085,0.001745
cardd/002810.jpg,0,whatsapp,camera,cardd,train,0.00016,0.00034
cardd/002814.jpg,0,original,camera,cardd,train,9.5e-05,0.000853
cardd/002814.jpg,0,whatsapp,camera,cardd,train,0.000121,0.001692
cardd/002825.jpg,0,original,camera,cardd,train,5e-06,0.000633
cardd/002825.jpg,0,whatsapp,camera,cardd,train,3.5e-05,0.003541
cardd/002833.jpg,0,original,camera,cardd,train,0.00041,0.000565
cardd/002833.jpg,0,whatsapp,camera,cardd,train,0.0019,0.000697
cardd/002849.jpg,0,original,camera,cardd,train,0.00024,0.000348
cardd/002849.jpg,0,whatsapp,camera,cardd,train,6.3e-05,0.001569
cardd/002858.jpg,0,original,camera,cardd,train,0.000159,0.999343
cardd/002858.jpg,0,whatsapp,camera,cardd,train,3.9e-05,0.99772
cardd/002865.jpg,0,original,camera,cardd,train,0.000243,0.000908
cardd/002865.jpg,0,whatsapp,camera,cardd,train,0.000175,0.000205
cardd/002879.jpg,0,original,camera,cardd,train,4e-06,0.00015
cardd/002879.jpg,0,whatsapp,camera,cardd,train,2.4e-05,0.000368
cardd/002887.jpg,0,original,camera,cardd,train,0.001252,0.005695
cardd/002887.jpg,0,whatsapp,camera,cardd,train,0.002624,0.003043
cardd/002898.jpg,0,original,camera,cardd,train,0.138499,0.001037
cardd/002898.jpg,0,whatsapp,camera,cardd,train,0.004196,0.002884
cardd/002908.jpg,0,original,camera,cardd,train,0.004883,0.000402
cardd/002908.jpg,0,whatsapp,camera,cardd,train,0.000339,0.00048
cardd/002914.jpg,0,original,camera,cardd,train,0.007026,0.000324
cardd/002914.jpg,0,whatsapp,camera,cardd,train,0.017481,0.0006
cardd/002922.jpg,0,original,camera,cardd,train,1.5e-05,0.000172
cardd/002922.jpg,0,whatsapp,camera,cardd,train,1.1e-05,0.000232
cardd/002931.jpg,0,original,camera,cardd,train,0.000837,0.000477
cardd/002931.jpg,0,whatsapp,camera,cardd,train,0.000204,0.001318
cardd/002953.jpg,0,original,camera,cardd,train,0.001705,5.5e-05
cardd/002953.jpg,0,whatsapp,camera,cardd,train,0.000639,7.8e-05
cardd/002961.jpg,0,original,camera,cardd,train,0.000318,0.000423
cardd/002961.jpg,0,whatsapp,camera,cardd,train,0.000261,0.000479
cardd/002986.jpg,0,original,camera,cardd,train,0.00019,0.000869
cardd/002986.jpg,0,whatsapp,camera,cardd,train,0.000123,0.002525
cardd/002991.jpg,0,original,camera,cardd,train,0.000402,0.995818
cardd/002991.jpg,0,whatsapp,camera,cardd,train,0.00012,0.99593
cardd/003011.jpg,0,original,camera,cardd,train,0.002384,0.00214
cardd/003011.jpg,0,whatsapp,camera,cardd,train,0.000551,0.00048
cardd/003027.jpg,0,original,camera,cardd,train,0.193539,0.000165
cardd/003027.jpg,0,whatsapp,camera,cardd,train,0.013836,0.000185
cardd/003039.jpg,0,original,camera,cardd,train,0.00116,0.00038
cardd/003039.jpg,0,whatsapp,camera,cardd,train,0.000365,0.000448
cardd/003050.jpg,0,original,camera,cardd,train,0.000885,0.000537
cardd/003050.jpg,0,whatsapp,camera,cardd,train,0.001938,0.000694
cardd/003062.jpg,0,original,camera,cardd,train,1.6e-05,0.169023
cardd/003062.jpg,0,whatsapp,camera,cardd,train,8e-06,0.261823
cardd/003071.jpg,0,original,camera,cardd,train,0.001926,0.000493
cardd/003071.jpg,0,whatsapp,camera,cardd,train,0.001614,0.000578
cardd/003082.jpg,0,original,camera,cardd,train,0.003482,0.002891
cardd/003082.jpg,0,whatsapp,camera,cardd,train,0.00298,0.008056
cardd/003087.jpg,0,original,camera,cardd,train,0.000187,0.000498
cardd/003087.jpg,0,whatsapp,camera,cardd,train,5.8e-05,0.000472
cardd/003099.jpg,0,original,camera,cardd,train,0.051583,7.8e-05
cardd/003099.jpg,0,whatsapp,camera,cardd,train,0.029277,0.000102
cardd/003109.jpg,0,original,camera,cardd,train,0.938577,0.001065
cardd/003109.jpg,0,whatsapp,camera,cardd,train,0.080211,0.000619
cardd/003115.jpg,0,original,camera,cardd,train,0.344444,0.000159
cardd/003115.jpg,0,whatsapp,camera,cardd,train,0.163363,0.000178
cardd/003124.jpg,0,original,camera,cardd,train,0.001781,1.6e-05
cardd/003124.jpg,0,whatsapp,camera,cardd,train,0.007451,1.4e-05
cardd/003140.jpg,0,original,camera,cardd,train,0.000111,0.000308
cardd/003140.jpg,0,whatsapp,camera,cardd,train,3.3e-05,0.000369
cardd/003156.jpg,0,original,camera,cardd,train,0.007569,0.000598
cardd/003156.jpg,0,whatsapp,camera,cardd,train,0.01058,0.0015
cardd/003166.jpg,0,original,camera,cardd,train,0.000566,0.001279
cardd/003166.jpg,0,whatsapp,camera,cardd,train,0.001528,0.002643
cardd/003175.jpg,0,original,camera,cardd,train,0.044171,0.000111
cardd/003175.jpg,0,whatsapp,camera,cardd,train,0.004734,0.00012
cardd/003187.jpg,0,original,camera,cardd,train,2.2e-05,0.00106
cardd/003187.jpg,0,whatsapp,camera,cardd,train,3.9e-05,0.001133
cardd/003201.jpg,0,original,camera,cardd,train,0.070173,0.000186
cardd/003201.jpg,0,whatsapp,camera,cardd,train,0.003578,0.000216
cardd/003226.jpg,0,original,camera,cardd,train,0.001072,0.000308
cardd/003226.jpg,0,whatsapp,camera,cardd,train,0.000147,0.000661
cardd/003233.jpg,0,original,camera,cardd,train,0.029966,0.000226
cardd/003233.jpg,0,whatsapp,camera,cardd,train,0.097496,0.000331
cardd/003244.jpg,0,original,camera,cardd,train,0.000685,0.001445
cardd/003244.jpg,0,whatsapp,camera,cardd,train,0.00022,0.003564
cardd/003246.jpg,0,original,camera,cardd,train,9e-06,0.001965
cardd/003246.jpg,0,whatsapp,camera,cardd,train,1.4e-05,0.001196
cardd/003256.jpg,0,original,camera,cardd,train,0.131003,0.000184
cardd/003256.jpg,0,whatsapp,camera,cardd,train,0.142427,0.000177
cardd/003268.jpg,0,original,camera,cardd,train,0.007427,0.002271
cardd/003268.jpg,0,whatsapp,camera,cardd,train,0.00284,0.002316
cardd/003283.jpg,0,original,camera,cardd,train,8e-06,0.001213
cardd/003283.jpg,0,whatsapp,camera,cardd,train,7e-06,0.003499
cardd/003289.jpg,0,original,camera,cardd,train,0.020218,6.1e-05
cardd/003289.jpg,0,whatsapp,camera,cardd,train,0.009821,7.2e-05
cardd/003291.jpg,0,original,camera,cardd,train,3.3e-05,0.997844
cardd/003291.jpg,0,whatsapp,camera,cardd,train,1.1e-05,0.997907
cardd/003296.jpg,0,original,camera,cardd,train,6.6e-05,0.000228
cardd/003296.jpg,0,whatsapp,camera,cardd,train,5.6e-05,0.000279
cardd/003301.jpg,0,original,camera,cardd,train,0.006028,9e-05
cardd/003301.jpg,0,whatsapp,camera,cardd,train,0.003318,9.8e-05
cardd/003316.jpg,0,original,camera,cardd,train,0.002159,8.2e-05
cardd/003316.jpg,0,whatsapp,camera,cardd,train,0.001339,0.000101
cardd/003327.jpg,0,original,camera,cardd,train,7.7e-05,0.00017
cardd/003327.jpg,0,whatsapp,camera,cardd,train,0.00089,0.000262
cardd/003338.jpg,0,original,camera,cardd,train,3e-05,0.011704
cardd/003338.jpg,0,whatsapp,camera,cardd,train,9e-05,0.022169
cardd/003345.jpg,0,original,camera,cardd,train,0.009605,0.000684
cardd/003345.jpg,0,whatsapp,camera,cardd,train,0.000255,0.000991
cardd/003354.jpg,0,original,camera,cardd,train,5.1e-05,0.000716
cardd/003354.jpg,0,whatsapp,camera,cardd,train,3.4e-05,0.000812
cardd/003367.jpg,0,original,camera,cardd,train,0.000262,0.000172
cardd/003367.jpg,0,whatsapp,camera,cardd,train,0.000146,0.000196
cardd/003392.jpg,0,original,camera,cardd,train,8.4e-05,9.5e-05
cardd/003392.jpg,0,whatsapp,camera,cardd,train,0.000146,0.000142
cardd/003399.jpg,0,original,camera,cardd,train,0.06864,0.000781
cardd/003399.jpg,0,whatsapp,camera,cardd,train,0.000686,0.001122
cardd/003407.jpg,0,original,camera,cardd,train,0.126443,0.000967
cardd/003407.jpg,0,whatsapp,camera,cardd,train,0.030151,0.000168
cardd/003414.jpg,0,original,camera,cardd,train,5.8e-05,0.000436
cardd/003414.jpg,0,whatsapp,camera,cardd,train,1.3e-05,0.000545
cardd/003418.jpg,0,original,camera,cardd,train,4.1e-05,0.011614
cardd/003418.jpg,0,whatsapp,camera,cardd,train,0.000184,0.006161
cardd/003424.jpg,0,original,camera,cardd,train,3.3e-05,0.000467
cardd/003424.jpg,0,whatsapp,camera,cardd,train,1e-05,0.00059
cardd/003434.jpg,0,original,camera,cardd,train,4.2e-05,0.024945
cardd/003434.jpg,0,whatsapp,camera,cardd,train,5e-06,0.99779
cardd/003441.jpg,0,original,camera,cardd,train,0.174838,0.000214
cardd/003441.jpg,0,whatsapp,camera,cardd,train,0.47673,0.000248
cardd/003454.jpg,0,original,camera,cardd,train,8.2e-05,0.000281
cardd/003454.jpg,0,whatsapp,camera,cardd,train,0.000167,0.000804
cardd/003464.jpg,0,original,camera,cardd,train,1.1e-05,0.000999
cardd/003464.jpg,0,whatsapp,camera,cardd,train,1e-05,0.00161
cardd/003472.jpg,0,original,camera,cardd,train,0.00183,0.0008
cardd/003472.jpg,0,whatsapp,camera,cardd,train,0.000176,0.000869
cardd/003477.jpg,0,original,camera,cardd,train,1.8e-05,0.000232
cardd/003477.jpg,0,whatsapp,camera,cardd,train,0.000219,0.000733
cardd/003492.jpg,0,original,camera,cardd,train,3.7e-05,0.00033
cardd/003492.jpg,0,whatsapp,camera,cardd,train,0.00056,0.000173
cardd/003516.jpg,0,original,camera,cardd,train,0.0006,0.000485
cardd/003516.jpg,0,whatsapp,camera,cardd,train,0.000359,0.001275
cardd/003533.jpg,0,original,camera,cardd,train,0.000331,0.000652
cardd/003533.jpg,0,whatsapp,camera,cardd,train,4.4e-05,0.001398
cardd/003541.jpg,0,original,camera,cardd,train,0.000172,0.000361
cardd/003541.jpg,0,whatsapp,camera,cardd,train,0.000371,0.001333
cardd/003542.jpg,0,original,camera,cardd,train,0.992812,0.000527
cardd/003542.jpg,0,whatsapp,camera,cardd,train,0.85718,0.00048
cardd/003554.jpg,0,original,camera,cardd,train,0.013343,0.000482
cardd/003554.jpg,0,whatsapp,camera,cardd,train,0.001798,0.000598
cardd/003561.jpg,0,original,camera,cardd,train,0.000851,0.000776
cardd/003561.jpg,0,whatsapp,camera,cardd,train,0.001137,0.000874
cardd/003573.jpg,0,original,camera,cardd,train,2e-05,0.00047
cardd/003573.jpg,0,whatsapp,camera,cardd,train,1.1e-05,0.000581
cardd/003586.jpg,0,original,camera,cardd,train,0.000137,0.000952
cardd/003586.jpg,0,whatsapp,camera,cardd,train,0.000109,0.002496
cardd/003589.jpg,0,original,camera,cardd,train,0.059084,0.000941
cardd/003589.jpg,0,whatsapp,camera,cardd,train,0.015971,0.002217
cardd/003612.jpg,0,original,camera,cardd,train,0.001519,0.006955
cardd/003612.jpg,0,whatsapp,camera,cardd,train,0.00457,0.002328
cardd/003626.jpg,0,original,camera,cardd,train,0.000266,0.001667
cardd/003626.jpg,0,whatsapp,camera,cardd,train,0.000266,0.000901
cardd/003634.jpg,0,original,camera,cardd,train,0.0005,0.000372
cardd/003634.jpg,0,whatsapp,camera,cardd,train,0.00014,0.000116
cardd/003649.jpg,0,original,camera,cardd,train,0.000613,0.000812
cardd/003649.jpg,0,whatsapp,camera,cardd,train,0.000147,0.001129
cardd/003656.jpg,0,original,camera,cardd,train,1.8e-05,0.001497
cardd/003656.jpg,0,whatsapp,camera,cardd,train,1.8e-05,0.001853
cardd/003671.jpg,0,original,camera,cardd,train,0.000876,8.4e-05
cardd/003671.jpg,0,whatsapp,camera,cardd,train,7.4e-05,8.7e-05
cardd/003683.jpg,0,original,camera,cardd,train,0.0005,0.000459
cardd/003683.jpg,0,whatsapp,camera,cardd,train,0.000353,0.000626
cardd/003690.jpg,0,original,camera,cardd,train,0.000579,0.999924
cardd/003690.jpg,0,whatsapp,camera,cardd,train,3.7e-05,0.999921
cardd/003695.jpg,0,original,camera,cardd,train,1e-05,0.001533
cardd/003695.jpg,0,whatsapp,camera,cardd,train,9e-06,0.000765
cardd/003703.jpg,0,original,camera,cardd,train,0.000121,0.000535
cardd/003703.jpg,0,whatsapp,camera,cardd,train,8.9e-05,0.000566
cardd/003720.jpg,0,original,camera,cardd,train,0.003835,0.004201
cardd/003720.jpg,0,whatsapp,camera,cardd,train,0.000458,0.008879
cardd/003734.jpg,0,original,camera,cardd,train,3e-06,0.00115
cardd/003734.jpg,0,whatsapp,camera,cardd,train,0.000133,0.001359
cardd/003743.jpg,0,original,camera,cardd,train,0.003911,0.000149
cardd/003743.jpg,0,whatsapp,camera,cardd,train,0.000503,0.000159
cardd/003748.jpg,0,original,camera,cardd,train,0.01278,8.2e-05
cardd/003748.jpg,0,whatsapp,camera,cardd,train,0.023294,9.1e-05
cardd/003768.jpg,0,original,camera,cardd,train,0.001138,0.00031
cardd/003768.jpg,0,whatsapp,camera,cardd,train,3.5e-05,0.00038
cardd/003782.jpg,0,original,camera,cardd,train,0.00021,0.000772
cardd/003782.jpg,0,whatsapp,camera,cardd,train,0.012526,0.001504
cardd/003789.jpg,0,original,camera,cardd,train,0.010591,0.003267
cardd/003789.jpg,0,whatsapp,camera,cardd,train,0.000237,0.003944
cardd/003793.jpg,0,original,camera,cardd,train,0.014576,0.000104
cardd/003793.jpg,0,whatsapp,camera,cardd,train,0.003152,0.00011
cardd/003804.jpg,0,original,camera,cardd,train,0.009998,0.000676
cardd/003804.jpg,0,whatsapp,camera,cardd,train,0.002821,0.000884
cardd/003812.jpg,0,original,camera,cardd,train,0.000369,0.00242
cardd/003812.jpg,0,whatsapp,camera,cardd,train,0.000243,0.003347
cardd/003823.jpg,0,original,camera,cardd,train,4.2e-05,0.000545
cardd/003823.jpg,0,whatsapp,camera,cardd,train,6.1e-05,0.000442
cardd/003829.jpg,0,original,camera,cardd,train,0.200745,0.00101
cardd/003829.jpg,0,whatsapp,camera,cardd,train,0.037815,0.00107
cardd/003831.jpg,0,original,camera,cardd,train,0.071753,0.000181
cardd/003831.jpg,0,whatsapp,camera,cardd,train,0.039888,0.000177
cardd/003842.jpg,0,original,camera,cardd,train,0.000895,0.003369
cardd/003842.jpg,0,whatsapp,camera,cardd,train,0.009551,0.006239
cardd/003872.jpg,0,original,camera,cardd,train,0.001754,0.000449
cardd/003872.jpg,0,whatsapp,camera,cardd,train,0.000299,0.001569
cardd/003879.jpg,0,original,camera,cardd,train,0.000304,0.001489
cardd/003879.jpg,0,whatsapp,camera,cardd,train,0.000232,0.00148
cardd/003887.jpg,0,original,camera,cardd,train,5.2e-05,0.000194
cardd/003887.jpg,0,whatsapp,camera,cardd,train,0.000132,0.000403
cardd/003905.jpg,0,original,camera,cardd,train,0.000137,0.001532
cardd/003905.jpg,0,whatsapp,camera,cardd,train,0.000305,0.001455
cardd/003908.jpg,0,original,camera,cardd,train,3e-05,0.00041
cardd/003908.jpg,0,whatsapp,camera,cardd,train,1.1e-05,0.000479
cardd/003925.jpg,0,original,camera,cardd,train,0.000492,0.0005
cardd/003925.jpg,0,whatsapp,camera,cardd,train,0.000459,0.000521
cardd/003935.jpg,0,original,camera,cardd,train,6.8e-05,0.000724
cardd/003935.jpg,0,whatsapp,camera,cardd,train,8.5e-05,9.3e-05
cardd/003948.jpg,0,original,camera,cardd,train,0.005789,5.4e-05
cardd/003948.jpg,0,whatsapp,camera,cardd,train,0.000252,5.7e-05
cardd/003956.jpg,0,original,camera,cardd,train,0.000789,0.002574
cardd/003956.jpg,0,whatsapp,camera,cardd,train,0.000219,0.001524
cardd/003959.jpg,0,original,camera,cardd,train,0.000425,0.000781
cardd/003959.jpg,0,whatsapp,camera,cardd,train,8.5e-05,0.000862
cardd/003977.jpg,0,original,camera,cardd,train,0.008895,0.000673
cardd/003977.jpg,0,whatsapp,camera,cardd,train,0.000772,0.00112
cardd/003992.jpg,0,original,camera,cardd,train,0.000105,0.000481
cardd/003992.jpg,0,whatsapp,camera,cardd,train,2.5e-05,0.00057
cardd/003993.jpg,0,original,camera,cardd,train,0.025326,0.004547
cardd/003993.jpg,0,whatsapp,camera,cardd,train,0.007255,0.002853
cardd/003994.jpg,0,original,camera,cardd,train,0.00381,0.000691
cardd/003994.jpg,0,whatsapp,camera,cardd,train,0.000856,0.000886
ai_vs_human/2fe69d88b25e41428077fd57c19c137c.jpg,0,original,camera,ai_vs_human,train,0.002063,0.978888
ai_vs_human/2fe69d88b25e41428077fd57c19c137c.jpg,0,whatsapp,camera,ai_vs_human,train,8.9e-05,0.000637
ai_vs_human/ecc0e0f5f2c2461a9e77a11ba813b2c0.jpg,0,original,camera,ai_vs_human,train,0.001756,0.0008
ai_vs_human/ecc0e0f5f2c2461a9e77a11ba813b2c0.jpg,0,whatsapp,camera,ai_vs_human,train,0.000624,0.000519
ai_vs_human/03c1041bc1c545b8ac8e221656849c11.jpg,0,original,camera,ai_vs_human,train,0.003509,0.000548
ai_vs_human/03c1041bc1c545b8ac8e221656849c11.jpg,0,whatsapp,camera,ai_vs_human,train,0.000489,0.000353
ai_vs_human/92b53b656b94447caea4bc49471fb230.jpg,0,original,camera,ai_vs_human,train,0.109978,0.000441
ai_vs_human/92b53b656b94447caea4bc49471fb230.jpg,0,whatsapp,camera,ai_vs_human,train,0.000901,0.000289
ai_vs_human/fe0dbe94be34420e80e4037fc10d50f9.jpg,0,original,camera,ai_vs_human,train,0.007803,0.00016
ai_vs_human/fe0dbe94be34420e80e4037fc10d50f9.jpg,0,whatsapp,camera,ai_vs_human,train,7.5e-05,5.4e-05
ai_vs_human/5834dfe297454b439c7bef807f78b992.jpg,0,original,camera,ai_vs_human,train,0.000276,0.000359
ai_vs_human/5834dfe297454b439c7bef807f78b992.jpg,0,whatsapp,camera,ai_vs_human,train,4.1e-05,0.000175
ai_vs_human/f00c4089c3134e0ebece95fb5caf8130.jpg,0,original,camera,ai_vs_human,train,0.786077,0.999928
ai_vs_human/f00c4089c3134e0ebece95fb5caf8130.jpg,0,whatsapp,camera,ai_vs_human,train,0.019124,0.99983
ai_vs_human/3904bd97975749b4948e144336f37fff.jpg,0,original,camera,ai_vs_human,train,0.001276,0.099174
ai_vs_human/3904bd97975749b4948e144336f37fff.jpg,0,whatsapp,camera,ai_vs_human,train,0.000307,0.000584
ai_vs_human/d5e4f60d68c0492f8d0bd1a26f63e0d1.jpg,0,original,camera,ai_vs_human,train,5.4e-05,7e-06
ai_vs_human/d5e4f60d68c0492f8d0bd1a26f63e0d1.jpg,0,whatsapp,camera,ai_vs_human,train,2.5e-05,2e-06
ai_vs_human/3f6b0aab36b5470c9112fcdd1f34cc09.jpg,0,original,camera,ai_vs_human,train,0.003951,0.002074
ai_vs_human/3f6b0aab36b5470c9112fcdd1f34cc09.jpg,0,whatsapp,camera,ai_vs_human,train,0.000506,0.001361
ai_vs_human/0886a3a841504710b9445a68e8d0f382.jpg,0,original,camera,ai_vs_human,train,0.000153,5.8e-05
ai_vs_human/0886a3a841504710b9445a68e8d0f382.jpg,0,whatsapp,camera,ai_vs_human,train,0.000131,5e-05
ai_vs_human/8112de19f8654f25a8abae3a4e5d0465.jpg,0,original,camera,ai_vs_human,train,0.030069,0.999162
ai_vs_human/8112de19f8654f25a8abae3a4e5d0465.jpg,0,whatsapp,camera,ai_vs_human,train,0.004704,0.318734
ai_vs_human/1444709ebe7147d7a6236591f0f75a42.jpg,0,original,camera,ai_vs_human,train,0.233034,0.998814
ai_vs_human/1444709ebe7147d7a6236591f0f75a42.jpg,0,whatsapp,camera,ai_vs_human,train,0.003079,0.006951
ai_vs_human/2b7fb4d672034d31a8a81cb868912bc0.jpg,0,original,camera,ai_vs_human,train,0.135019,0.999944
ai_vs_human/2b7fb4d672034d31a8a81cb868912bc0.jpg,0,whatsapp,camera,ai_vs_human,train,0.012218,0.999827
ai_vs_human/bfe39433b2d44f7189bb43b59610f3f6.jpg,0,original,camera,ai_vs_human,train,0.016252,0.997861
ai_vs_human/bfe39433b2d44f7189bb43b59610f3f6.jpg,0,whatsapp,camera,ai_vs_human,train,0.002085,0.881718
ai_vs_human/72a0dbfd49a04314957b39c6ac81e5be.jpg,0,original,camera,ai_vs_human,train,0.809297,0.999947
ai_vs_human/72a0dbfd49a04314957b39c6ac81e5be.jpg,0,whatsapp,camera,ai_vs_human,train,0.005807,0.999905
ai_vs_human/4cf35f924dac49adad8c928a543c0918.jpg,0,original,camera,ai_vs_human,train,0.228922,0.999691
ai_vs_human/4cf35f924dac49adad8c928a543c0918.jpg,0,whatsapp,camera,ai_vs_human,train,0.000397,0.9993
ai_vs_human/160ef5b1e9004de5b72a3b9d510c0c11.jpg,0,original,camera,ai_vs_human,train,0.086067,0.004598
ai_vs_human/160ef5b1e9004de5b72a3b9d510c0c11.jpg,0,whatsapp,camera,ai_vs_human,train,0.006718,0.002005
ai_vs_human/f614187fb4c14602bf151f35445107e3.jpg,0,original,camera,ai_vs_human,train,0.053823,0.018627
ai_vs_human/f614187fb4c14602bf151f35445107e3.jpg,0,whatsapp,camera,ai_vs_human,train,0.001165,0.000259
ai_vs_human/fdb23f5b89cb4b49b6b7b015a6887c46.jpg,0,original,camera,ai_vs_human,train,0.000141,0.000472
ai_vs_human/fdb23f5b89cb4b49b6b7b015a6887c46.jpg,0,whatsapp,camera,ai_vs_human,train,3.6e-05,0.000388
ai_vs_human/7440f172b7484a8fab28ae5afa6efade.jpg,0,original,camera,ai_vs_human,train,0.000229,0.001006
ai_vs_human/7440f172b7484a8fab28ae5afa6efade.jpg,0,whatsapp,camera,ai_vs_human,train,0.000179,0.000936
ai_vs_human/a8c18aee405747b6ae294206a3c3ce71.jpg,0,original,camera,ai_vs_human,train,0.00165,0.008209
ai_vs_human/a8c18aee405747b6ae294206a3c3ce71.jpg,0,whatsapp,camera,ai_vs_human,train,0.000205,0.001097
ai_vs_human/b64f8074de9d45089d694c762ce8fec1.jpg,0,original,camera,ai_vs_human,train,1.1e-05,0.973371
ai_vs_human/b64f8074de9d45089d694c762ce8fec1.jpg,0,whatsapp,camera,ai_vs_human,train,9e-06,0.007161
ai_vs_human/cc49170d34fc42d7a943d06f2848682c.jpg,0,original,camera,ai_vs_human,train,0.029999,0.998597
ai_vs_human/cc49170d34fc42d7a943d06f2848682c.jpg,0,whatsapp,camera,ai_vs_human,train,0.024349,0.997809
ai_vs_human/b0eb51fe82b94f27992f2ec2a8183caa.jpg,0,original,camera,ai_vs_human,train,0.003812,0.001706
ai_vs_human/b0eb51fe82b94f27992f2ec2a8183caa.jpg,0,whatsapp,camera,ai_vs_human,train,0.003383,0.000941
ai_vs_human/b3934e19d2294c57866ce4723d515fc4.jpg,0,original,camera,ai_vs_human,train,0.010246,0.703017
ai_vs_human/b3934e19d2294c57866ce4723d515fc4.jpg,0,whatsapp,camera,ai_vs_human,train,0.000428,0.01344
ai_vs_human/65008c65474c47f98cb4450d7c7cb208.jpg,0,original,camera,ai_vs_human,train,0.030058,0.999527
ai_vs_human/65008c65474c47f98cb4450d7c7cb208.jpg,0,whatsapp,camera,ai_vs_human,train,0.000178,0.998365
ai_vs_human/a2400e9662444fb395b6cf0f5a8aa424.jpg,0,original,camera,ai_vs_human,train,6e-05,0.011844
ai_vs_human/a2400e9662444fb395b6cf0f5a8aa424.jpg,0,whatsapp,camera,ai_vs_human,train,4e-06,0.001297
ai_vs_human/253194547a7e4c4c8d5352a93037f386.jpg,0,original,camera,ai_vs_human,train,0.002634,0.000184
ai_vs_human/253194547a7e4c4c8d5352a93037f386.jpg,0,whatsapp,camera,ai_vs_human,train,0.001608,0.00013
ai_vs_human/47d260ab42e94b79993baffb5332a98f.jpg,0,original,camera,ai_vs_human,train,0.001712,0.000941
ai_vs_human/47d260ab42e94b79993baffb5332a98f.jpg,0,whatsapp,camera,ai_vs_human,train,0.001099,0.000394
ai_vs_human/199701bc738c47b78269193fef5ea6ce.jpg,0,original,camera,ai_vs_human,train,0.081908,0.003101
ai_vs_human/199701bc738c47b78269193fef5ea6ce.jpg,0,whatsapp,camera,ai_vs_human,train,0.001922,0.001025
ai_vs_human/b0673720f09d4130a1ef4c71f6cd7a38.jpg,0,original,camera,ai_vs_human,train,0.000738,0.997814
ai_vs_human/b0673720f09d4130a1ef4c71f6cd7a38.jpg,0,whatsapp,camera,ai_vs_human,train,0.005249,0.018752
ai_vs_human/8e1484318c12472d9d2126aa80ae6786.jpg,0,original,camera,ai_vs_human,train,0.083034,0.999768
ai_vs_human/8e1484318c12472d9d2126aa80ae6786.jpg,0,whatsapp,camera,ai_vs_human,train,0.002357,0.999444
ai_vs_human/390c39ba4030476fa8bdf311a4e20814.jpg,0,original,camera,ai_vs_human,train,0.000954,0.001489
ai_vs_human/390c39ba4030476fa8bdf311a4e20814.jpg,0,whatsapp,camera,ai_vs_human,train,0.000121,0.000824
ai_vs_human/4a4c6041c2754f3991a13bf8d1e8bf46.jpg,0,original,camera,ai_vs_human,train,0.178739,0.000938
ai_vs_human/4a4c6041c2754f3991a13bf8d1e8bf46.jpg,0,whatsapp,camera,ai_vs_human,train,0.825229,0.000664
ai_vs_human/e9936430804248fc9ffbdf72c010ff12.jpg,0,original,camera,ai_vs_human,train,0.000569,0.996329
ai_vs_human/e9936430804248fc9ffbdf72c010ff12.jpg,0,whatsapp,camera,ai_vs_human,train,0.000331,0.002005
ai_vs_human/dfd4a145bb6f40d2a96351391175c7e7.jpg,0,original,camera,ai_vs_human,train,0.004298,0.001046
ai_vs_human/dfd4a145bb6f40d2a96351391175c7e7.jpg,0,whatsapp,camera,ai_vs_human,train,0.000137,0.000658
ai_vs_human/95955359c473432ba7efb15d8aa271ac.jpg,0,original,camera,ai_vs_human,train,0.020052,0.0042
ai_vs_human/95955359c473432ba7efb15d8aa271ac.jpg,0,whatsapp,camera,ai_vs_human,train,0.000649,0.000492
ai_vs_human/23317abc51974e98848c9a4391319f98.jpg,0,original,camera,ai_vs_human,train,0.000157,0.000841
ai_vs_human/23317abc51974e98848c9a4391319f98.jpg,0,whatsapp,camera,ai_vs_human,train,4.3e-05,0.000282
ai_vs_human/e70575acac0a46df8faa189e6138aa4d.jpg,0,original,camera,ai_vs_human,train,0.024027,0.000419
ai_vs_human/e70575acac0a46df8faa189e6138aa4d.jpg,0,whatsapp,camera,ai_vs_human,train,0.001864,0.000317
ai_vs_human/1757174383244fb692390f79c27e3d1a.jpg,0,original,camera,ai_vs_human,train,1.5e-05,0.999788
ai_vs_human/1757174383244fb692390f79c27e3d1a.jpg,0,whatsapp,camera,ai_vs_human,train,1.4e-05,0.999182
ai_vs_human/ffcdecb4e8874aeaa990b6ae4424cd89.jpg,0,original,camera,ai_vs_human,train,0.000131,0.000397
ai_vs_human/ffcdecb4e8874aeaa990b6ae4424cd89.jpg,0,whatsapp,camera,ai_vs_human,train,7.9e-05,0.000306
ai_vs_human/2b9a4ac0a1b74b5893496eeeb51b1d5d.jpg,0,original,camera,ai_vs_human,train,0.556505,0.976272
ai_vs_human/2b9a4ac0a1b74b5893496eeeb51b1d5d.jpg,0,whatsapp,camera,ai_vs_human,train,0.159053,0.00304
ai_vs_human/f2df29fc4e3643dda27dd79c165cc656.jpg,0,original,camera,ai_vs_human,train,0.063014,0.999942
ai_vs_human/f2df29fc4e3643dda27dd79c165cc656.jpg,0,whatsapp,camera,ai_vs_human,train,0.006879,0.99985
ai_vs_human/20a35a1d2a2d4559a38dd1534eeb245c.jpg,0,original,camera,ai_vs_human,train,0.030334,0.000691
ai_vs_human/20a35a1d2a2d4559a38dd1534eeb245c.jpg,0,whatsapp,camera,ai_vs_human,train,0.000581,0.000634
ai_vs_human/214cce2d50464ad094f49febd958c75f.jpg,0,original,camera,ai_vs_human,train,0.015185,0.000248
ai_vs_human/214cce2d50464ad094f49febd958c75f.jpg,0,whatsapp,camera,ai_vs_human,train,0.016093,0.000252
ai_vs_human/b9011cda2a874f24a752991aca7c9d56.jpg,0,original,camera,ai_vs_human,train,0.057289,0.000278
ai_vs_human/b9011cda2a874f24a752991aca7c9d56.jpg,0,whatsapp,camera,ai_vs_human,train,0.006974,0.000219
ai_vs_human/30fa298bc8714ed6837555a194419329.jpg,0,original,camera,ai_vs_human,train,0.04132,0.000599
ai_vs_human/30fa298bc8714ed6837555a194419329.jpg,0,whatsapp,camera,ai_vs_human,train,0.003053,0.0005
ai_vs_human/87565827718f4605adf34d49ab593e51.jpg,0,original,camera,ai_vs_human,train,0.055449,0.997731
ai_vs_human/87565827718f4605adf34d49ab593e51.jpg,0,whatsapp,camera,ai_vs_human,train,0.002586,0.005788
ai_vs_human/87d7395e25e5488d8d0d56442f686dc1.jpg,0,original,camera,ai_vs_human,train,0.00109,0.000447
ai_vs_human/87d7395e25e5488d8d0d56442f686dc1.jpg,0,whatsapp,camera,ai_vs_human,train,0.000862,0.000239
ai_vs_human/e1db20220c2c46219a70f64383802611.jpg,0,original,camera,ai_vs_human,train,0.007785,0.577305
ai_vs_human/e1db20220c2c46219a70f64383802611.jpg,0,whatsapp,camera,ai_vs_human,train,0.001689,0.000836
ai_vs_human/24f9459bc548416eb554f9e7a8499f42.jpg,0,original,camera,ai_vs_human,train,0.000296,0.054387
ai_vs_human/24f9459bc548416eb554f9e7a8499f42.jpg,0,whatsapp,camera,ai_vs_human,train,1.9e-05,0.000782
ai_vs_human/9465e8945fa34020984f909a356c8966.jpg,0,original,camera,ai_vs_human,train,5.8e-05,2.3e-05
ai_vs_human/9465e8945fa34020984f909a356c8966.jpg,0,whatsapp,camera,ai_vs_human,train,5.8e-05,2.2e-05
ai_vs_human/c33fc9efed3042d58f72b0d3367dfe9c.jpg,0,original,camera,ai_vs_human,train,0.020384,0.999831
ai_vs_human/c33fc9efed3042d58f72b0d3367dfe9c.jpg,0,whatsapp,camera,ai_vs_human,train,0.003952,0.999687
ai_vs_human/397238becf6942c8b505186711c26200.jpg,0,original,camera,ai_vs_human,train,0.021121,0.983639
ai_vs_human/397238becf6942c8b505186711c26200.jpg,0,whatsapp,camera,ai_vs_human,train,0.004332,0.455585
ai_vs_human/7e9bcf4cae0349048cb9dffc981f54a5.jpg,0,original,camera,ai_vs_human,train,0.002199,0.000647
ai_vs_human/7e9bcf4cae0349048cb9dffc981f54a5.jpg,0,whatsapp,camera,ai_vs_human,train,0.001362,0.000494
ai_vs_human/07129a41d61a479988dc543e1f6e3fea.jpg,0,original,camera,ai_vs_human,train,0.013279,0.998127
ai_vs_human/07129a41d61a479988dc543e1f6e3fea.jpg,0,whatsapp,camera,ai_vs_human,train,0.00073,0.002503
ai_vs_human/03c97b06802348da9ab3d4cc8f2483dd.jpg,0,original,camera,ai_vs_human,train,0.032739,0.999831
ai_vs_human/03c97b06802348da9ab3d4cc8f2483dd.jpg,0,whatsapp,camera,ai_vs_human,train,0.000596,0.999642
ai_vs_human/9cab83ae82ef479ba9461b3eb5a48b61.jpg,0,original,camera,ai_vs_human,train,0.003552,0.000711
ai_vs_human/9cab83ae82ef479ba9461b3eb5a48b61.jpg,0,whatsapp,camera,ai_vs_human,train,0.003323,0.000185
ai_vs_human/28db548f1d8f4d35bc390c605217ad52.jpg,0,original,camera,ai_vs_human,train,0.000415,0.046512
ai_vs_human/28db548f1d8f4d35bc390c605217ad52.jpg,0,whatsapp,camera,ai_vs_human,train,0.000472,0.0069
ai_vs_human/9a8ba1d7b57f472e8e395d29a13980c0.jpg,0,original,camera,ai_vs_human,train,3e-06,0.000645
ai_vs_human/9a8ba1d7b57f472e8e395d29a13980c0.jpg,0,whatsapp,camera,ai_vs_human,train,4e-06,0.000622
ai_vs_human/299531da5ad4454fa03d9ae967d907c4.jpg,0,original,camera,ai_vs_human,train,0.00098,0.000531
ai_vs_human/299531da5ad4454fa03d9ae967d907c4.jpg,0,whatsapp,camera,ai_vs_human,train,0.000227,0.000502
ai_vs_human/7fa73e6fddba4c7d978333c4f91d72d9.jpg,0,original,camera,ai_vs_human,train,1.5e-05,0.005874
ai_vs_human/7fa73e6fddba4c7d978333c4f91d72d9.jpg,0,whatsapp,camera,ai_vs_human,train,1e-05,0.005471
ai_vs_human/dad85d314ecb41188261be62ca7413c7.jpg,0,original,camera,ai_vs_human,train,0.063945,0.002729
ai_vs_human/dad85d314ecb41188261be62ca7413c7.jpg,0,whatsapp,camera,ai_vs_human,train,0.002564,0.001085
ai_vs_human/fcdc0d7c2a9f4abcae92f9f523e01793.jpg,0,original,camera,ai_vs_human,train,1.2e-05,0.000704
ai_vs_human/fcdc0d7c2a9f4abcae92f9f523e01793.jpg,0,whatsapp,camera,ai_vs_human,train,5.2e-05,0.000475
ai_vs_human/c8c66106d3c84a66ba06be4ac9f009fe.jpg,0,original,camera,ai_vs_human,train,0.000126,0.000932
ai_vs_human/c8c66106d3c84a66ba06be4ac9f009fe.jpg,0,whatsapp,camera,ai_vs_human,train,5.8e-05,0.00075
ai_vs_human/592f05657b334d16b1d154b72cee5686.jpg,0,original,camera,ai_vs_human,train,0.008452,0.000435
ai_vs_human/592f05657b334d16b1d154b72cee5686.jpg,0,whatsapp,camera,ai_vs_human,train,0.002505,0.00023
ai_vs_human/550bb9efafa44b04872a1f343acb541e.jpg,0,original,camera,ai_vs_human,train,0.00131,0.999211
ai_vs_human/550bb9efafa44b04872a1f343acb541e.jpg,0,whatsapp,camera,ai_vs_human,train,0.000121,0.998025
ai_vs_human/1c9aa2a4a16341d8b08fa78d5f91dab1.jpg,0,original,camera,ai_vs_human,train,0.004062,0.000454
ai_vs_human/1c9aa2a4a16341d8b08fa78d5f91dab1.jpg,0,whatsapp,camera,ai_vs_human,train,0.0121,0.000151
ai_vs_human/d4eabaf0937b429bb9f7ba67c8d01b4a.jpg,0,original,camera,ai_vs_human,train,2e-06,0.000838
ai_vs_human/d4eabaf0937b429bb9f7ba67c8d01b4a.jpg,0,whatsapp,camera,ai_vs_human,train,2e-06,0.000462
ai_vs_human/9c810228aa0248a789b5e1ba5d034b8b.jpg,0,original,camera,ai_vs_human,train,0.05382,0.000194
ai_vs_human/9c810228aa0248a789b5e1ba5d034b8b.jpg,0,whatsapp,camera,ai_vs_human,train,0.017813,9.5e-05
ai_vs_human/10f319fdfd5a4cf3a91219e6e2405021.jpg,0,original,camera,ai_vs_human,train,0.099826,0.99026
ai_vs_human/10f319fdfd5a4cf3a91219e6e2405021.jpg,0,whatsapp,camera,ai_vs_human,train,0.002566,0.000296
ai_vs_human/75cdc5192ec2446da35f69441c847484.jpg,0,original,camera,ai_vs_human,train,2.9e-05,0.999968
ai_vs_human/75cdc5192ec2446da35f69441c847484.jpg,0,whatsapp,camera,ai_vs_human,train,1e-05,0.999931
ai_vs_human/af68aef3acdd4fc4b31018177a6102ae.jpg,0,original,camera,ai_vs_human,train,0.632619,0.999316
ai_vs_human/af68aef3acdd4fc4b31018177a6102ae.jpg,0,whatsapp,camera,ai_vs_human,train,0.022735,0.997688
ai_vs_human/de26b7dc23fa4d7bb073ab6ce7266fa4.jpg,0,original,camera,ai_vs_human,train,0.071089,0.999956
ai_vs_human/de26b7dc23fa4d7bb073ab6ce7266fa4.jpg,0,whatsapp,camera,ai_vs_human,train,0.006823,0.999933
ai_vs_human/57690ecc67144f9cbda30bab97517a73.jpg,0,original,camera,ai_vs_human,train,0.015083,0.999605
ai_vs_human/57690ecc67144f9cbda30bab97517a73.jpg,0,whatsapp,camera,ai_vs_human,train,0.000359,0.999177
ai_vs_human/de32e2044a7f41ca950db090861705b0.jpg,0,original,camera,ai_vs_human,train,0.000162,0.000422
ai_vs_human/de32e2044a7f41ca950db090861705b0.jpg,0,whatsapp,camera,ai_vs_human,train,8.7e-05,0.000199
ai_vs_human/54135c54ba6b45ff8edd662388b7cc3d.jpg,0,original,camera,ai_vs_human,train,8e-06,0.999193
ai_vs_human/54135c54ba6b45ff8edd662388b7cc3d.jpg,0,whatsapp,camera,ai_vs_human,train,9e-06,0.089876
ai_vs_human/57096c90f3944efa9c489a7be0f4ce3e.jpg,0,original,camera,ai_vs_human,train,0.005615,0.999812
ai_vs_human/57096c90f3944efa9c489a7be0f4ce3e.jpg,0,whatsapp,camera,ai_vs_human,train,0.001094,0.999191
ai_vs_human/22d3b53b05e0456eb6144b94bab737a6.jpg,0,original,camera,ai_vs_human,train,0.000452,0.798858
ai_vs_human/22d3b53b05e0456eb6144b94bab737a6.jpg,0,whatsapp,camera,ai_vs_human,train,0.00432,0.002404
ai_vs_human/268ce8c1409f4c6791cb66d610ee64c1.jpg,0,original,camera,ai_vs_human,train,0.110795,0.998679
ai_vs_human/268ce8c1409f4c6791cb66d610ee64c1.jpg,0,whatsapp,camera,ai_vs_human,train,0.007406,0.951218
ai_vs_human/2fb6888922da49d0a0b926012ab50bbd.jpg,0,original,camera,ai_vs_human,train,0.000102,0.214854
ai_vs_human/2fb6888922da49d0a0b926012ab50bbd.jpg,0,whatsapp,camera,ai_vs_human,train,2.2e-05,0.001085
ai_vs_human/09f9796734604439a3a7aba5bb562fef.jpg,0,original,camera,ai_vs_human,train,0.000404,0.000738
ai_vs_human/09f9796734604439a3a7aba5bb562fef.jpg,0,whatsapp,camera,ai_vs_human,train,9.6e-05,0.000399
ai_vs_human/654e1e70073c4a2e898455bc72af6d2a.jpg,0,original,camera,ai_vs_human,train,0.00333,0.000194
ai_vs_human/654e1e70073c4a2e898455bc72af6d2a.jpg,0,whatsapp,camera,ai_vs_human,train,0.00028,0.000182
ai_vs_human/a091b7777ec841dabe3f7a40f6000549.jpg,0,original,camera,ai_vs_human,train,2e-05,0.006982
ai_vs_human/a091b7777ec841dabe3f7a40f6000549.jpg,0,whatsapp,camera,ai_vs_human,train,2.2e-05,0.004086
ai_vs_human/16483f3f1fbc45eeb7b1627ec0a12e4f.jpg,0,original,camera,ai_vs_human,train,0.016058,0.997154
ai_vs_human/16483f3f1fbc45eeb7b1627ec0a12e4f.jpg,0,whatsapp,camera,ai_vs_human,train,0.000227,0.001298
ai_vs_human/128976daad0e4c869cfe5151703b8772.jpg,0,original,camera,ai_vs_human,train,0.006746,0.992263
ai_vs_human/128976daad0e4c869cfe5151703b8772.jpg,0,whatsapp,camera,ai_vs_human,train,0.003333,0.008738
ai_vs_human/787e848715c3491c8f1dd2e31a6ee1b4.jpg,0,original,camera,ai_vs_human,train,6.4e-05,0.000959
ai_vs_human/787e848715c3491c8f1dd2e31a6ee1b4.jpg,0,whatsapp,camera,ai_vs_human,train,1.9e-05,0.001639
ai_vs_human/6fa6cb4f398a4844b6c4e1fb528c07d4.jpg,0,original,camera,ai_vs_human,train,0.003139,0.00211
ai_vs_human/6fa6cb4f398a4844b6c4e1fb528c07d4.jpg,0,whatsapp,camera,ai_vs_human,train,0.000155,0.000436
ai_vs_human/02a0458212df4d96bd400746cef4a2f8.jpg,0,original,camera,ai_vs_human,train,0.940306,0.068949
ai_vs_human/02a0458212df4d96bd400746cef4a2f8.jpg,0,whatsapp,camera,ai_vs_human,train,0.921577,0.00262
ai_vs_human/7a7bf4dd88004e7292f060a289d7fa0e.jpg,0,original,camera,ai_vs_human,train,0.000344,0.999948
ai_vs_human/7a7bf4dd88004e7292f060a289d7fa0e.jpg,0,whatsapp,camera,ai_vs_human,train,0.000286,0.999909
ai_vs_human/29d32c7168c8440894d1dd7083793596.jpg,0,original,camera,ai_vs_human,train,0.008378,0.999852
ai_vs_human/29d32c7168c8440894d1dd7083793596.jpg,0,whatsapp,camera,ai_vs_human,train,0.002914,0.999747
ai_vs_human/0f8b994179424b0595eb8cffbd7a5fdc.jpg,0,original,camera,ai_vs_human,train,0.006666,0.998872
ai_vs_human/0f8b994179424b0595eb8cffbd7a5fdc.jpg,0,whatsapp,camera,ai_vs_human,train,0.000424,0.997589
ai_vs_human/e8b83ba56d7146ea957283769b6e2e4f.jpg,0,original,camera,ai_vs_human,train,0.003483,0.999829
ai_vs_human/e8b83ba56d7146ea957283769b6e2e4f.jpg,0,whatsapp,camera,ai_vs_human,train,0.000387,0.999525
ai_vs_human/0bd2bf60c73d49b8a24e9eaf661a0415.jpg,0,original,camera,ai_vs_human,train,2.8e-05,0.000198
ai_vs_human/0bd2bf60c73d49b8a24e9eaf661a0415.jpg,0,whatsapp,camera,ai_vs_human,train,4e-05,0.000179
ai_vs_human/876925d5dbe44e248744bdff33c98a3c.jpg,0,original,camera,ai_vs_human,train,0.042859,0.999522
ai_vs_human/876925d5dbe44e248744bdff33c98a3c.jpg,0,whatsapp,camera,ai_vs_human,train,0.002002,0.998841
ai_vs_human/ce912383f73f4bd2b7d8dfe839b0cf4e.jpg,0,original,camera,ai_vs_human,train,0.000649,0.000582
ai_vs_human/ce912383f73f4bd2b7d8dfe839b0cf4e.jpg,0,whatsapp,camera,ai_vs_human,train,0.000395,0.000384
ai_vs_human/f68968ec343a4bbeab388e8f2f8d7b03.jpg,0,original,camera,ai_vs_human,train,0.294734,0.999049
ai_vs_human/f68968ec343a4bbeab388e8f2f8d7b03.jpg,0,whatsapp,camera,ai_vs_human,train,0.001405,0.999131
ai_vs_human/45abad4d27744f149f03976a5ce722ec.jpg,0,original,camera,ai_vs_human,train,0.009005,0.000968
ai_vs_human/45abad4d27744f149f03976a5ce722ec.jpg,0,whatsapp,camera,ai_vs_human,train,0.001335,0.000624
ai_vs_human/5f2033de6ddd4743b6514eebf000ab58.jpg,0,original,camera,ai_vs_human,train,0.083567,0.999313
ai_vs_human/5f2033de6ddd4743b6514eebf000ab58.jpg,0,whatsapp,camera,ai_vs_human,train,0.00199,0.994572
ai_vs_human/68d5690e419f44ba990c2ac43aff7fd3.jpg,0,original,camera,ai_vs_human,train,9e-06,0.997988
ai_vs_human/68d5690e419f44ba990c2ac43aff7fd3.jpg,0,whatsapp,camera,ai_vs_human,train,2e-06,0.00262
ai_vs_human/2d2502fc67c6423792a21abf8455db28.jpg,0,original,camera,ai_vs_human,train,0.000148,8.5e-05
ai_vs_human/2d2502fc67c6423792a21abf8455db28.jpg,0,whatsapp,camera,ai_vs_human,train,5.2e-05,3.9e-05
ai_vs_human/f50c63a0e2184890989d319e37392e81.jpg,0,original,camera,ai_vs_human,train,0.023615,0.000419
ai_vs_human/f50c63a0e2184890989d319e37392e81.jpg,0,whatsapp,camera,ai_vs_human,train,0.011843,0.00047
ai_vs_human/4a8e5b201d2644dda1038bf743709719.jpg,0,original,camera,ai_vs_human,train,7.4e-05,0.883935
ai_vs_human/4a8e5b201d2644dda1038bf743709719.jpg,0,whatsapp,camera,ai_vs_human,train,1.9e-05,0.002732
ai_vs_human/906fa72a358b48b4a832dfaf9f086839.jpg,0,original,camera,ai_vs_human,train,0.000389,0.00179
ai_vs_human/906fa72a358b48b4a832dfaf9f086839.jpg,0,whatsapp,camera,ai_vs_human,train,4.4e-05,0.000109
ai_vs_human/5ab4a895a669488d92ef7facc92edefe.jpg,0,original,camera,ai_vs_human,train,0.000229,0.999704
ai_vs_human/5ab4a895a669488d92ef7facc92edefe.jpg,0,whatsapp,camera,ai_vs_human,train,7.4e-05,0.999435
ai_vs_human/033c95c7e4874ef3bc17a5f37bfc41e5.jpg,0,original,camera,ai_vs_human,train,0.003544,0.000634
ai_vs_human/033c95c7e4874ef3bc17a5f37bfc41e5.jpg,0,whatsapp,camera,ai_vs_human,train,0.001134,0.000248
ai_vs_human/d61d8d22f5df4c6d91a6f35c2d7a88ed.jpg,0,original,camera,ai_vs_human,train,0.001803,0.000546
ai_vs_human/d61d8d22f5df4c6d91a6f35c2d7a88ed.jpg,0,whatsapp,camera,ai_vs_human,train,0.103798,0.000365
ai_vs_human/c3b2877262954cab8e001944cd607f82.jpg,0,original,camera,ai_vs_human,train,0.004758,0.999875
ai_vs_human/c3b2877262954cab8e001944cd607f82.jpg,0,whatsapp,camera,ai_vs_human,train,0.000245,0.999771
ai_vs_human/d4262273790244a69b4987f61444923c.jpg,0,original,camera,ai_vs_human,train,0.336226,0.998316
ai_vs_human/d4262273790244a69b4987f61444923c.jpg,0,whatsapp,camera,ai_vs_human,train,0.003015,0.424089
ai_vs_human/cffade7fefa348dabbd60bd50397b147.jpg,0,original,camera,ai_vs_human,train,0.000918,0.00045
ai_vs_human/cffade7fefa348dabbd60bd50397b147.jpg,0,whatsapp,camera,ai_vs_human,train,0.001795,0.000296
ai_vs_human/ee58918b6ab144a1b8c39833bc216a62.jpg,0,original,camera,ai_vs_human,train,0.017584,0.952298
ai_vs_human/ee58918b6ab144a1b8c39833bc216a62.jpg,0,whatsapp,camera,ai_vs_human,train,0.000733,0.006862
ai_vs_human/9d461d47d63144f48acd98d751db14ee.jpg,0,original,camera,ai_vs_human,train,0.000327,0.003073
ai_vs_human/9d461d47d63144f48acd98d751db14ee.jpg,0,whatsapp,camera,ai_vs_human,train,7.8e-05,0.001858
ai_vs_human/a950efbb83c644ad8f068c96d5dfcf99.jpg,0,original,camera,ai_vs_human,train,0.000867,0.999149
ai_vs_human/a950efbb83c644ad8f068c96d5dfcf99.jpg,0,whatsapp,camera,ai_vs_human,train,0.000395,0.862749
ai_vs_human/7519ddae9be34b01b7777c4646a9a404.jpg,0,original,camera,ai_vs_human,train,0.001196,0.998363
ai_vs_human/7519ddae9be34b01b7777c4646a9a404.jpg,0,whatsapp,camera,ai_vs_human,train,0.000489,0.029297
ai_vs_human/0d564b37896b4e7c9b42ca47a7ab32ac.jpg,0,original,camera,ai_vs_human,train,0.043454,0.999863
ai_vs_human/0d564b37896b4e7c9b42ca47a7ab32ac.jpg,0,whatsapp,camera,ai_vs_human,train,0.000671,0.999624
ai_vs_human/bc93752975cc498686f2c236aec20cf6.jpg,0,original,camera,ai_vs_human,train,0.000242,0.002578
ai_vs_human/bc93752975cc498686f2c236aec20cf6.jpg,0,whatsapp,camera,ai_vs_human,train,3.6e-05,0.002087
ai_vs_human/a5a6e9afd3764dd1a16aacceed34df2f.jpg,0,original,camera,ai_vs_human,train,8.1e-05,0.998462
ai_vs_human/a5a6e9afd3764dd1a16aacceed34df2f.jpg,0,whatsapp,camera,ai_vs_human,train,5.1e-05,0.006654
ai_vs_human/0f5d6006035545729fd8b9d1ed79712c.jpg,0,original,camera,ai_vs_human,train,0.104506,0.998499
ai_vs_human/0f5d6006035545729fd8b9d1ed79712c.jpg,0,whatsapp,camera,ai_vs_human,train,0.070193,0.936969
ai_vs_human/8806140035784b55b45bab9028b66eaa.jpg,0,original,camera,ai_vs_human,train,1.1e-05,9.8e-05
ai_vs_human/8806140035784b55b45bab9028b66eaa.jpg,0,whatsapp,camera,ai_vs_human,train,3e-06,8.7e-05
ai_vs_human/290919e63dd54b7398cd9849defd4824.jpg,0,original,camera,ai_vs_human,train,0.000136,0.000687
ai_vs_human/290919e63dd54b7398cd9849defd4824.jpg,0,whatsapp,camera,ai_vs_human,train,9e-06,0.00041
ai_vs_human/d898c69c159b4d0ab842a66ecf3d8458.jpg,0,original,camera,ai_vs_human,train,0.015108,0.000698
ai_vs_human/d898c69c159b4d0ab842a66ecf3d8458.jpg,0,whatsapp,camera,ai_vs_human,train,0.010784,0.000403
ai_vs_human/eed528bc0f2b44adb38e51ded142dd55.jpg,0,original,camera,ai_vs_human,train,0.003611,0.000303
ai_vs_human/eed528bc0f2b44adb38e51ded142dd55.jpg,0,whatsapp,camera,ai_vs_human,train,0.000218,0.000231
ai_vs_human/6623532eb1b84a9bb15c60a3a2caf9f5.jpg,0,original,camera,ai_vs_human,train,6e-05,0.000207
ai_vs_human/6623532eb1b84a9bb15c60a3a2caf9f5.jpg,0,whatsapp,camera,ai_vs_human,train,3.2e-05,0.000135
ai_vs_human/87baf2782d594159b40ce5f0ef0699d6.jpg,0,original,camera,ai_vs_human,train,0.009811,0.999449
ai_vs_human/87baf2782d594159b40ce5f0ef0699d6.jpg,0,whatsapp,camera,ai_vs_human,train,0.00073,0.028292
ai_vs_human/ddbe4a61a3d541ba88e1ba4cc0a3df8e.jpg,0,original,camera,ai_vs_human,train,0.00372,0.005739
ai_vs_human/ddbe4a61a3d541ba88e1ba4cc0a3df8e.jpg,0,whatsapp,camera,ai_vs_human,train,0.000183,0.000806
ai_vs_human/c160aacfc5404ed09e459d179e1addf4.jpg,0,original,camera,ai_vs_human,train,0.001423,0.026633
ai_vs_human/c160aacfc5404ed09e459d179e1addf4.jpg,0,whatsapp,camera,ai_vs_human,train,0.00047,0.004889
ai_vs_human/e6cdac0697e54f97802d40cb5b90220a.jpg,0,original,camera,ai_vs_human,train,0.000716,0.000356
ai_vs_human/e6cdac0697e54f97802d40cb5b90220a.jpg,0,whatsapp,camera,ai_vs_human,train,0.000687,0.000211
ai_vs_human/ae058fc1f7314b90afc8b81c020a9ef9.jpg,0,original,camera,ai_vs_human,train,0.55841,0.99888
ai_vs_human/ae058fc1f7314b90afc8b81c020a9ef9.jpg,0,whatsapp,camera,ai_vs_human,train,0.019502,0.997035
ai_vs_human/d41bc8599a384815ae9c0a6a27c0c11c.jpg,0,original,camera,ai_vs_human,train,0.006463,0.006934
ai_vs_human/d41bc8599a384815ae9c0a6a27c0c11c.jpg,0,whatsapp,camera,ai_vs_human,train,0.00087,0.002789
ai_vs_human/143fabb966c04ddbb16c5c3297c98914.jpg,0,original,camera,ai_vs_human,train,0.036872,0.997593
ai_vs_human/143fabb966c04ddbb16c5c3297c98914.jpg,0,whatsapp,camera,ai_vs_human,train,0.003525,0.008015
ai_vs_human/de23ee0b06354b6daf11a23ea434987a.jpg,0,original,camera,ai_vs_human,train,0.000202,0.000821
ai_vs_human/de23ee0b06354b6daf11a23ea434987a.jpg,0,whatsapp,camera,ai_vs_human,train,0.000169,0.000845
ai_vs_human/e64081b325774eb28fe55d70e19b6e5a.jpg,0,original,camera,ai_vs_human,train,0.193282,0.999681
ai_vs_human/e64081b325774eb28fe55d70e19b6e5a.jpg,0,whatsapp,camera,ai_vs_human,train,0.000531,0.999396
ai_vs_human/a4e5d2e0b3f248b98f95eb3f4fd7d32a.jpg,0,original,camera,ai_vs_human,train,0.000424,0.998514
ai_vs_human/a4e5d2e0b3f248b98f95eb3f4fd7d32a.jpg,0,whatsapp,camera,ai_vs_human,train,7.4e-05,0.002994
ai_vs_human/98759dde7dc64a95904d04afd0b93888.jpg,0,original,camera,ai_vs_human,train,0.000368,0.000576
ai_vs_human/98759dde7dc64a95904d04afd0b93888.jpg,0,whatsapp,camera,ai_vs_human,train,0.000742,0.000311
ai_vs_human/1509331db07f4fa7afe52d5f34d5ee99.jpg,0,original,camera,ai_vs_human,train,0.028992,0.999504
ai_vs_human/1509331db07f4fa7afe52d5f34d5ee99.jpg,0,whatsapp,camera,ai_vs_human,train,0.003421,0.99877
ai_vs_human/ceef82f9949c4bfcb3c413aaef8741c9.jpg,0,original,camera,ai_vs_human,train,0.000485,0.000176
ai_vs_human/ceef82f9949c4bfcb3c413aaef8741c9.jpg,0,whatsapp,camera,ai_vs_human,train,7.5e-05,8.3e-05
ai_vs_human/8a745a5f950047b0a532a9e3e027109a.jpg,0,original,camera,ai_vs_human,train,0.472384,0.999964
ai_vs_human/8a745a5f950047b0a532a9e3e027109a.jpg,0,whatsapp,camera,ai_vs_human,train,0.032126,0.999883
ai_vs_human/68970328294b46338ddf907345e92763.jpg,0,original,camera,ai_vs_human,train,0.223534,0.000787
ai_vs_human/68970328294b46338ddf907345e92763.jpg,0,whatsapp,camera,ai_vs_human,train,0.027488,0.000649
ai_vs_human/6cedd4f7d6a949b6b3bb247ba1b06648.jpg,0,original,camera,ai_vs_human,train,0.001933,0.001096
ai_vs_human/6cedd4f7d6a949b6b3bb247ba1b06648.jpg,0,whatsapp,camera,ai_vs_human,train,0.001239,0.000881
ai_vs_human/57ecf27e19a64d8388e02ae5a4a90a93.jpg,0,original,camera,ai_vs_human,train,0.00063,0.079877
ai_vs_human/57ecf27e19a64d8388e02ae5a4a90a93.jpg,0,whatsapp,camera,ai_vs_human,train,7.1e-05,0.003004
ai_vs_human/e1ec936bf29c439da5962aa636c14430.jpg,0,original,camera,ai_vs_human,train,0.011689,0.99971
ai_vs_human/e1ec936bf29c439da5962aa636c14430.jpg,0,whatsapp,camera,ai_vs_human,train,0.003091,0.998991
ai_vs_human/55958ea60a374996baea052ea5b6e334.jpg,0,original,camera,ai_vs_human,train,0.013748,0.001104
ai_vs_human/55958ea60a374996baea052ea5b6e334.jpg,0,whatsapp,camera,ai_vs_human,train,0.137311,0.000421
ai_vs_human/463a7e1c5dfb4756aaff70212e4e5d59.jpg,0,original,camera,ai_vs_human,train,0.000148,0.001833
ai_vs_human/463a7e1c5dfb4756aaff70212e4e5d59.jpg,0,whatsapp,camera,ai_vs_human,train,4.3e-05,0.001014
ai_vs_human/af23315c74e54876be39534fe9626017.jpg,0,original,camera,ai_vs_human,train,0.482425,0.999682
ai_vs_human/af23315c74e54876be39534fe9626017.jpg,0,whatsapp,camera,ai_vs_human,train,0.023687,0.99901
ai_vs_human/f5aba57b338249edb5a03d2eb8b7c3b0.jpg,0,original,camera,ai_vs_human,train,3.7e-05,0.997574
ai_vs_human/f5aba57b338249edb5a03d2eb8b7c3b0.jpg,0,whatsapp,camera,ai_vs_human,train,5e-06,0.009265
ai_vs_human/8085a837979849dbb8c914894a346fa8.jpg,0,original,camera,ai_vs_human,train,0.102326,0.999967
ai_vs_human/8085a837979849dbb8c914894a346fa8.jpg,0,whatsapp,camera,ai_vs_human,train,0.011137,0.999889
ai_vs_human/6f9936946c234953b5576ac59760ecd8.jpg,0,original,camera,ai_vs_human,train,0.054369,0.002181
ai_vs_human/6f9936946c234953b5576ac59760ecd8.jpg,0,whatsapp,camera,ai_vs_human,train,0.012831,0.001556
ai_vs_human/3e6bf19076154ae8aacbd3584b8bf4c7.jpg,0,original,camera,ai_vs_human,train,0.004402,0.0003
ai_vs_human/3e6bf19076154ae8aacbd3584b8bf4c7.jpg,0,whatsapp,camera,ai_vs_human,train,0.003309,0.000232
ai_vs_human/aecb33f8ef9a46dbaf042c52a610e1fe.jpg,0,original,camera,ai_vs_human,train,0.529864,0.998336
ai_vs_human/aecb33f8ef9a46dbaf042c52a610e1fe.jpg,0,whatsapp,camera,ai_vs_human,train,0.009606,0.996052
ai_vs_human/105ac2ae1238450d880d5421b9febba8.jpg,0,original,camera,ai_vs_human,train,0.013734,0.000515
ai_vs_human/105ac2ae1238450d880d5421b9febba8.jpg,0,whatsapp,camera,ai_vs_human,train,0.000372,0.000296
ai_vs_human/f0c5a29646c3473eb23cfcbd9bc9ef53.jpg,0,original,camera,ai_vs_human,train,0.00048,0.00049
ai_vs_human/f0c5a29646c3473eb23cfcbd9bc9ef53.jpg,0,whatsapp,camera,ai_vs_human,train,8.5e-05,0.000386
ai_vs_human/d35385e8cc1f4164b3f7d5a9cfab8079.jpg,0,original,camera,ai_vs_human,train,0.000766,0.999949
ai_vs_human/d35385e8cc1f4164b3f7d5a9cfab8079.jpg,0,whatsapp,camera,ai_vs_human,train,6.9e-05,0.999821
ai_vs_human/d1076c26a9b7497f87d9ca0fb8345755.jpg,0,original,camera,ai_vs_human,train,4.5e-05,0.000489
ai_vs_human/d1076c26a9b7497f87d9ca0fb8345755.jpg,0,whatsapp,camera,ai_vs_human,train,1.6e-05,0.000351
ai_vs_human/6ef50a204fc4482e800c9a587d2f8505.jpg,0,original,camera,ai_vs_human,train,4.6e-05,0.000354
ai_vs_human/6ef50a204fc4482e800c9a587d2f8505.jpg,0,whatsapp,camera,ai_vs_human,train,4.2e-05,0.000222
ai_vs_human/bf8c2215b0e7421181ea9df57f8ee518.jpg,0,original,camera,ai_vs_human,train,0.012469,0.99859
ai_vs_human/bf8c2215b0e7421181ea9df57f8ee518.jpg,0,whatsapp,camera,ai_vs_human,train,0.00201,0.998539
ai_vs_human/36ccb4284d304221890893c9c2613f60.jpg,0,original,camera,ai_vs_human,train,0.000152,0.000185
ai_vs_human/36ccb4284d304221890893c9c2613f60.jpg,0,whatsapp,camera,ai_vs_human,train,5.1e-05,7.4e-05
ai_vs_human/2f993a0f655f499a9df18e6e4fb2ce68.jpg,0,original,camera,ai_vs_human,train,0.060887,0.998409
ai_vs_human/2f993a0f655f499a9df18e6e4fb2ce68.jpg,0,whatsapp,camera,ai_vs_human,train,0.003207,0.344707
ai_vs_human/0851ab2f74804b19977f63ded934997d.jpg,0,original,camera,ai_vs_human,train,0.000194,0.999951
ai_vs_human/0851ab2f74804b19977f63ded934997d.jpg,0,whatsapp,camera,ai_vs_human,train,8.1e-05,0.999855
ai_vs_human/0a86805ab3e942fc8d1dbbd5f0f48c17.jpg,0,original,camera,ai_vs_human,train,6.1e-05,0.001952
ai_vs_human/0a86805ab3e942fc8d1dbbd5f0f48c17.jpg,0,whatsapp,camera,ai_vs_human,train,1.7e-05,0.001162
ai_vs_human/ee4b54481d5d499cbc649ab8cda5adad.jpg,0,original,camera,ai_vs_human,train,0.000291,0.184305
ai_vs_human/ee4b54481d5d499cbc649ab8cda5adad.jpg,0,whatsapp,camera,ai_vs_human,train,0.000128,0.007138
ai_vs_human/9e505a148b854bd1bf0b013dd2d7a916.jpg,0,original,camera,ai_vs_human,train,0.000226,0.000962
ai_vs_human/9e505a148b854bd1bf0b013dd2d7a916.jpg,0,whatsapp,camera,ai_vs_human,train,2.5e-05,0.000778
ai_vs_human/a49bed5677ae4d4b8c306dbe679de6e9.jpg,0,original,camera,ai_vs_human,train,0.000443,0.998636
ai_vs_human/a49bed5677ae4d4b8c306dbe679de6e9.jpg,0,whatsapp,camera,ai_vs_human,train,0.000103,0.741408
ai_vs_human/7a2ed080f32746af977bc4be9f6c0f1c.jpg,0,original,camera,ai_vs_human,train,1e-06,0.997057
ai_vs_human/7a2ed080f32746af977bc4be9f6c0f1c.jpg,0,whatsapp,camera,ai_vs_human,train,2e-06,0.994234
ai_vs_human/a6d8a17063df41b19c691399abaca9f6.jpg,0,original,camera,ai_vs_human,train,0.088405,0.998991
ai_vs_human/a6d8a17063df41b19c691399abaca9f6.jpg,0,whatsapp,camera,ai_vs_human,train,0.011751,0.032625
ai_vs_human/f33ea14d9261480d811383d015a556e7.jpg,0,original,camera,ai_vs_human,train,0.016343,0.999962
ai_vs_human/f33ea14d9261480d811383d015a556e7.jpg,0,whatsapp,camera,ai_vs_human,train,0.001292,0.999891
ai_vs_human/1a0d8468acf74eae97eb2f342658c459.jpg,0,original,camera,ai_vs_human,train,0.000566,0.003166
ai_vs_human/1a0d8468acf74eae97eb2f342658c459.jpg,0,whatsapp,camera,ai_vs_human,train,0.000109,0.000871
ai_vs_human/9d70b876e32e42dda63c28c1a88e55a7.jpg,0,original,camera,ai_vs_human,train,0.013176,0.999033
ai_vs_human/9d70b876e32e42dda63c28c1a88e55a7.jpg,0,whatsapp,camera,ai_vs_human,train,0.002038,0.023318
ai_vs_human/b6c96de59fce47a2bd7bccdfc5519b16.jpg,0,original,camera,ai_vs_human,train,0.000112,0.000395
ai_vs_human/b6c96de59fce47a2bd7bccdfc5519b16.jpg,0,whatsapp,camera,ai_vs_human,train,1.9e-05,0.000275
ai_vs_human/eb989a2bfe1349b4a7109a73f607f165.jpg,0,original,camera,ai_vs_human,train,0.00476,0.028727
ai_vs_human/eb989a2bfe1349b4a7109a73f607f165.jpg,0,whatsapp,camera,ai_vs_human,train,0.000144,0.000651
ai_vs_human/5875aa17978b4dc083ec9d32e02b40d4.jpg,0,original,camera,ai_vs_human,train,8.8e-05,0.997196
ai_vs_human/5875aa17978b4dc083ec9d32e02b40d4.jpg,0,whatsapp,camera,ai_vs_human,train,3.1e-05,0.004369
ai_vs_human/e57eb4239d05499e9156f1833c1b0e35.jpg,0,original,camera,ai_vs_human,train,0.064273,0.00021
ai_vs_human/e57eb4239d05499e9156f1833c1b0e35.jpg,0,whatsapp,camera,ai_vs_human,train,0.119651,0.000152
ai_vs_human/538f030a051f476995b9241a012fd706.jpg,0,original,camera,ai_vs_human,train,0.000126,0.000221
ai_vs_human/538f030a051f476995b9241a012fd706.jpg,0,whatsapp,camera,ai_vs_human,train,0.000149,0.000153
ai_vs_human/f689c08c960447c39a11d67b188cab15.jpg,0,original,camera,ai_vs_human,train,0.000113,0.003597
ai_vs_human/f689c08c960447c39a11d67b188cab15.jpg,0,whatsapp,camera,ai_vs_human,train,6.9e-05,0.001796
ai_vs_human/698e8aad20cc494984a3c138c23ee1d0.jpg,0,original,camera,ai_vs_human,train,8.5e-05,0.000422
ai_vs_human/698e8aad20cc494984a3c138c23ee1d0.jpg,0,whatsapp,camera,ai_vs_human,train,7.8e-05,0.000417
ai_vs_human/1df5da05972d4531b74edfffc3bc5e26.jpg,0,original,camera,ai_vs_human,train,0.002745,0.997294
ai_vs_human/1df5da05972d4531b74edfffc3bc5e26.jpg,0,whatsapp,camera,ai_vs_human,train,0.000406,0.005514
ai_vs_human/38088f1a6e4e47bfa5207a99f48025a3.jpg,0,original,camera,ai_vs_human,train,0.021366,0.999817
ai_vs_human/38088f1a6e4e47bfa5207a99f48025a3.jpg,0,whatsapp,camera,ai_vs_human,train,0.000483,0.999507
ai_vs_human/efbe0340ba1f4464863a3def164e31f2.jpg,0,original,camera,ai_vs_human,train,0.01717,0.997216
ai_vs_human/efbe0340ba1f4464863a3def164e31f2.jpg,0,whatsapp,camera,ai_vs_human,train,0.001566,0.002315
ai_vs_human/4f3e467e5aed4e96a107ca1161bd976e.jpg,0,original,camera,ai_vs_human,train,4.3e-05,0.000513
ai_vs_human/4f3e467e5aed4e96a107ca1161bd976e.jpg,0,whatsapp,camera,ai_vs_human,train,2.9e-05,0.00036
ai_vs_human/f4619b8c76e643ae94bcab199dd8aa40.jpg,0,original,camera,ai_vs_human,train,0.00031,0.999324
ai_vs_human/f4619b8c76e643ae94bcab199dd8aa40.jpg,0,whatsapp,camera,ai_vs_human,train,7.2e-05,0.129481
ai_vs_human/58080cf9dc104c2396e6410f346d8de1.jpg,0,original,camera,ai_vs_human,train,0.003804,0.998937
ai_vs_human/58080cf9dc104c2396e6410f346d8de1.jpg,0,whatsapp,camera,ai_vs_human,train,0.000801,0.988789
ai_vs_human/d113d849ce7a47fea42c3f7234b73043.jpg,0,original,camera,ai_vs_human,train,0.000826,0.999885
ai_vs_human/d113d849ce7a47fea42c3f7234b73043.jpg,0,whatsapp,camera,ai_vs_human,train,0.001228,0.999657
ai_vs_human/b571be244dfe46dc8d8c86b5a6496623.jpg,0,original,camera,ai_vs_human,train,0.002479,0.999335
ai_vs_human/b571be244dfe46dc8d8c86b5a6496623.jpg,0,whatsapp,camera,ai_vs_human,train,0.00031,0.997152
ai_vs_human/830db8a8b75841a88cdc642616a79fb3.jpg,0,original,camera,ai_vs_human,train,0.000366,0.999922
ai_vs_human/830db8a8b75841a88cdc642616a79fb3.jpg,0,whatsapp,camera,ai_vs_human,train,0.000142,0.999867
ai_vs_human/1e40636fa2af48558395865f704f79be.jpg,0,original,camera,ai_vs_human,train,0.019596,0.999842
ai_vs_human/1e40636fa2af48558395865f704f79be.jpg,0,whatsapp,camera,ai_vs_human,train,0.02921,0.999442
ai_vs_human/c119d83b8ae74e84b0f57600158906e4.jpg,0,original,camera,ai_vs_human,train,5.5e-05,0.002508
ai_vs_human/c119d83b8ae74e84b0f57600158906e4.jpg,0,whatsapp,camera,ai_vs_human,train,3.6e-05,0.000562
ai_vs_human/5dd57eb97dc342c1b1ada89de10cee98.jpg,0,original,camera,ai_vs_human,train,0.000222,6.4e-05
ai_vs_human/5dd57eb97dc342c1b1ada89de10cee98.jpg,0,whatsapp,camera,ai_vs_human,train,0.000341,3.9e-05
ai_vs_human/0cc2ddb580cf4bb19553d52c3c62217a.jpg,0,original,camera,ai_vs_human,train,0.017012,0.000139
ai_vs_human/0cc2ddb580cf4bb19553d52c3c62217a.jpg,0,whatsapp,camera,ai_vs_human,train,0.000443,6.2e-05
ai_vs_human/e361afcdb79342d183ee35617b233e02.jpg,0,original,camera,ai_vs_human,train,0.001182,0.998758
ai_vs_human/e361afcdb79342d183ee35617b233e02.jpg,0,whatsapp,camera,ai_vs_human,train,0.000105,0.002801
ai_vs_human/4ab2cfbafc9940beb0503a43521f726e.jpg,0,original,camera,ai_vs_human,train,1.9e-05,2.4e-05
ai_vs_human/4ab2cfbafc9940beb0503a43521f726e.jpg,0,whatsapp,camera,ai_vs_human,train,9e-06,9e-06
ai_vs_human/bc4a78117cc34b2aab7d8262c5d878fa.jpg,0,original,camera,ai_vs_human,train,0.000972,0.000143
ai_vs_human/bc4a78117cc34b2aab7d8262c5d878fa.jpg,0,whatsapp,camera,ai_vs_human,train,0.001341,0.00011
ai_vs_human/2a8fcdf6bbcb4f6d867131c3ae0a2c6f.jpg,0,original,camera,ai_vs_human,train,0.003058,0.944934
ai_vs_human/2a8fcdf6bbcb4f6d867131c3ae0a2c6f.jpg,0,whatsapp,camera,ai_vs_human,train,0.000172,0.006794
ai_vs_human/6771a2bf4319451ab57614c668861ee5.jpg,0,original,camera,ai_vs_human,train,3.9e-05,0.996813
ai_vs_human/6771a2bf4319451ab57614c668861ee5.jpg,0,whatsapp,camera,ai_vs_human,train,2.7e-05,0.047261
ai_vs_human/3ae8782a3afd49cf97a9c9220b0e2019.jpg,0,original,camera,ai_vs_human,train,0.020133,0.001781
ai_vs_human/3ae8782a3afd49cf97a9c9220b0e2019.jpg,0,whatsapp,camera,ai_vs_human,train,0.004971,0.000744
ai_vs_human/7ae3769ea5da4fd69f37f67b21c5aa53.jpg,0,original,camera,ai_vs_human,train,0.002327,0.999216
ai_vs_human/7ae3769ea5da4fd69f37f67b21c5aa53.jpg,0,whatsapp,camera,ai_vs_human,train,6.6e-05,0.998292
ai_vs_human/7345ad659df9489ca1b4986f027df013.jpg,0,original,camera,ai_vs_human,train,0.000703,0.000154
ai_vs_human/7345ad659df9489ca1b4986f027df013.jpg,0,whatsapp,camera,ai_vs_human,train,0.000729,0.000113
ai_vs_human/db05df880ba94178b86773b93d95f7bd.jpg,0,original,camera,ai_vs_human,train,0.032956,0.00135
ai_vs_human/db05df880ba94178b86773b93d95f7bd.jpg,0,whatsapp,camera,ai_vs_human,train,0.014062,0.000898
ai_vs_human/a432dcefbf814109a3bfc052f4ecee42.jpg,0,original,camera,ai_vs_human,train,0.001851,0.000303
ai_vs_human/a432dcefbf814109a3bfc052f4ecee42.jpg,0,whatsapp,camera,ai_vs_human,train,0.001982,0.000315
ai_vs_human/64dcb02d97e842869562a90082d91ee7.jpg,0,original,camera,ai_vs_human,train,0.001911,0.000167
ai_vs_human/64dcb02d97e842869562a90082d91ee7.jpg,0,whatsapp,camera,ai_vs_human,train,0.00108,0.000128
ai_vs_human/8cd48b6c4d8b4bdfa2385fde85accdf4.jpg,0,original,camera,ai_vs_human,train,0.00426,0.000525
ai_vs_human/8cd48b6c4d8b4bdfa2385fde85accdf4.jpg,0,whatsapp,camera,ai_vs_human,train,0.001999,0.0002
ai_vs_human/5094844c72ca492b8c4d4d28e72e4ea6.jpg,1,original,ai_vs_human,ai_vs_human,train,0.999998,0.999548
ai_vs_human/5094844c72ca492b8c4d4d28e72e4ea6.jpg,1,whatsapp,ai_vs_human,ai_vs_human,train,0.999604,0.999118
ai_vs_human/561aa3cd32ec4bdc8c39c1e79cdd7ba2.jpg,1,original,ai_vs_human,ai_vs_human,train,0.332673,0.882449
ai_vs_human/561aa3cd32ec4bdc8c39c1e79cdd7ba2.jpg,1,whatsapp,ai_vs_human,ai_vs_human,train,0.009324,0.016742
ai_vs_human/27f3889174304e08a2845e2eabe9ab90.jpg,1,original,ai_vs_human,ai_vs_human,train,0.971545,0.99967
ai_vs_human/27f3889174304e08a2845e2eabe9ab90.jpg,1,whatsapp,ai_vs_human,ai_vs_human,train,0.934218,0.999498
ai_vs_human/b7a1595c77644707a1969515b04263ef.jpg,1,original,ai_vs_human,ai_vs_human,train,0.940998,0.999297
ai_vs_human/b7a1595c77644707a1969515b04263ef.jpg,1,whatsapp,ai_vs_human,ai_vs_human,train,0.243567,0.998644
ai_vs_human/17a22cd306fc495cbb96e60065361ae4.jpg,1,original,ai_vs_human,ai_vs_human,train,0.999993,0.999996
ai_vs_human/17a22cd306fc495cbb96e60065361ae4.jpg,1,whatsapp,ai_vs_human,ai_vs_human,train,0.999993,0.999994
ai_vs_human/62f4a37b83ac480eb78c94e543072d8e.jpg,1,original,ai_vs_human,ai_vs_human,train,0.99916,0.999979
ai_vs_human/62f4a37b83ac480eb78c94e543072d8e.jpg,1,whatsapp,ai_vs_human,ai_vs_human,train,0.098281,0.999972
ai_vs_human/5b21f2b9847245b39df3e3c081895903.jpg,1,original,ai_vs_human,ai_vs_human,train,0.998128,0.999917
ai_vs_human/5b21f2b9847245b39df3e3c081895903.jpg,1,whatsapp,ai_vs_human,ai_vs_human,train,0.084664,0.999859
ai_vs_human/b9d12073a7f745f1b195b8b2a0dd473c.jpg,1,original,ai_vs_human,ai_vs_human,train,0.999367,0.999977
ai_vs_human/b9d12073a7f745f1b195b8b2a0dd473c.jpg,1,whatsapp,ai_vs_human,ai_vs_human,train,0.968405,0.999949
ai_vs_human/a9600e5839684b5998b9f6e85f11df0a.jpg,1,original,ai_vs_human,ai_vs_human,train,0.999835,0.999962
ai_vs_human/a9600e5839684b5998b9f6e85f11df0a.jpg,1,whatsapp,ai_vs_human,ai_vs_human,train,0.993702,0.999924
ai_vs_human/bfc5de7f5b55465abbacef5d555b5e02.jpg,1,original,ai_vs_human,ai_vs_human,train,0.999995,0.999623
ai_vs_human/bfc5de7f5b55465abbacef5d555b5e02.jpg,1,whatsapp,ai_vs_human,ai_vs_human,train,0.999918,0.999363
ai_vs_human/eedbbfbd5c38408f9dde432458fd20ed.jpg,1,original,ai_vs_human,ai_vs_human,train,0.999107,0.999648
ai_vs_human/eedbbfbd5c38408f9dde432458fd20ed.jpg,1,whatsapp,ai_vs_human,ai_vs_human,train,0.798832,0.999379
ai_vs_human/345b82b000864dfa8af0ce2de516cb75.jpg,1,original,ai_vs_human,ai_vs_human,train,0.048813,0.000748
ai_vs_human/345b82b000864dfa8af0ce2de516cb75.jpg,1,whatsapp,ai_vs_human,ai_vs_human,train,0.013441,0.000779
ai_vs_human/7f0e20938c2847a9b980180ffd88fe80.jpg,1,original,ai_vs_human,ai_vs_human,train,0.999972,0.999951
ai_vs_human/7f0e20938c2847a9b980180ffd88fe80.jpg,1,whatsapp,ai_vs_human,ai_vs_human,train,0.994689,0.999904
ai_vs_human/bbe47ea99cd744a08bb71e0e9e8e5675.jpg,1,original,ai_vs_human,ai_vs_human,train,0.999724,0.999922
ai_vs_human/bbe47ea99cd744a08bb71e0e9e8e5675.jpg,1,whatsapp,ai_vs_human,ai_vs_human,train,0.998164,0.999815
ai_vs_human/a3fe0efc8f0c4f22abaaa0c95e18173e.jpg,1,original,ai_vs_human,ai_vs_human,train,0.028045,0.99966
ai_vs_human/a3fe0efc8f0c4f22abaaa0c95e18173e.jpg,1,whatsapp,ai_vs_human,ai_vs_human,train,0.000582,0.999199
ai_vs_human/2e44e478816c44f18e2c27f1fdea4eea.jpg,1,original,ai_vs_human,ai_vs_human,train,0.974256,0.009328
ai_vs_human/2e44e478816c44f18e2c27f1fdea4eea.jpg,1,whatsapp,ai_vs_human,ai_vs_human,train,0.715647,0.003885
ai_vs_human/0f2f6f28d618418683c6933a3c4614ba.jpg,1,original,ai_vs_human,ai_vs_human,train,0.999998,0.999604
ai_vs_human/0f2f6f28d618418683c6933a3c4614ba.jpg,1,whatsapp,ai_vs_human,ai_vs_human,train,0.99998,0.999449
ai_vs_human/5d98de3be3dc438faca33aaa0fe36a3d.jpg,1,original,ai_vs_human,ai_vs_human,train,0.999864,0.999894
ai_vs_human/5d98de3be3dc438faca33aaa0fe36a3d.jpg,1,whatsapp,ai_vs_human,ai_vs_human,train,0.999612,0.999828
ai_vs_human/23d905d9083f4138a4dc1c38b16583d3.jpg,1,original,ai_vs_human,ai_vs_human,train,0.694738,0.999846
ai_vs_human/23d905d9083f4138a4dc1c38b16583d3.jpg,1,whatsapp,ai_vs_human,ai_vs_human,train,0.136989,0.999787
ai_vs_human/c73d4396ad5c42fbaf2c1c4dd048865b.jpg,1,original,ai_vs_human,ai_vs_human,train,0.999998,0.999989
ai_vs_human/c73d4396ad5c42fbaf2c1c4dd048865b.jpg,1,whatsapp,ai_vs_human,ai_vs_human,train,0.999905,0.99997
ai_vs_human/8ab1bef5f9a94291827d676e57602e56.jpg,1,original,ai_vs_human,ai_vs_human,train,0.999893,0.998116
ai_vs_human/8ab1bef5f9a94291827d676e57602e56.jpg,1,whatsapp,ai_vs_human,ai_vs_human,train,0.977049,0.992537
ai_vs_human/ebd38856aad64a9fb0c19c79b9269083.jpg,1,original,ai_vs_human,ai_vs_human,train,0.019032,0.999876
ai_vs_human/ebd38856aad64a9fb0c19c79b9269083.jpg,1,whatsapp,ai_vs_human,ai_vs_human,train,0.00573,0.999824
ai_vs_human/64d5720fcb6d4e1c8a7b041bd2908c75.jpg,1,original,ai_vs_human,ai_vs_human,train,0.567973,0.999969
ai_vs_human/64d5720fcb6d4e1c8a7b041bd2908c75.jpg,1,whatsapp,ai_vs_human,ai_vs_human,train,0.227323,0.999925
ai_vs_human/1ea771ac850247538edda15203f8ca2b.jpg,1,original,ai_vs_human,ai_vs_human,train,0.94047,0.999533
ai_vs_human/1ea771ac850247538edda15203f8ca2b.jpg,1,whatsapp,ai_vs_human,ai_vs_human,train,0.110609,0.998645
ai_vs_human/5d5b0288a40247fab20d1661c1afdc25.jpg,1,original,ai_vs_human,ai_vs_human,train,0.997038,0.999102
ai_vs_human/5d5b0288a40247fab20d1661c1afdc25.jpg,1,whatsapp,ai_vs_human,ai_vs_human,train,0.952917,0.997417
ai_vs_human/4f0eff9c0b30414f8eea209bb4e6fc94.jpg,1,original,ai_vs_human,ai_vs_human,train,0.999879,0.999823
ai_vs_human/4f0eff9c0b30414f8eea209bb4e6fc94.jpg,1,whatsapp,ai_vs_human,ai_vs_human,train,0.997498,0.999666
ai_vs_human/ab11cbc8c466438abb847d7aabba879b.jpg,1,original,ai_vs_human,ai_vs_human,train,0.940812,0.99999
ai_vs_human/ab11cbc8c466438abb847d7aabba879b.jpg,1,whatsapp,ai_vs_human,ai_vs_human,train,0.030279,0.999988
ai_vs_human/0442a3bf27274ad0a73acbadb78dc375.jpg,1,original,ai_vs_human,ai_vs_human,train,0.573207,0.999995
ai_vs_human/0442a3bf27274ad0a73acbadb78dc375.jpg,1,whatsapp,ai_vs_human,ai_vs_human,train,0.005815,0.999992
ai_vs_human/d32adfe156094c17865cdc9a7570a4ef.jpg,1,original,ai_vs_human,ai_vs_human,train,0.99272,0.999843
ai_vs_human/d32adfe156094c17865cdc9a7570a4ef.jpg,1,whatsapp,ai_vs_human,ai_vs_human,train,0.783562,0.999789
ai_vs_human/88766379df4d4a59ba6ad4cfd3a7b49f.jpg,1,original,ai_vs_human,ai_vs_human,train,0.999994,0.999957
ai_vs_human/88766379df4d4a59ba6ad4cfd3a7b49f.jpg,1,whatsapp,ai_vs_human,ai_vs_human,train,0.999588,0.999946
ai_vs_human/b9116d8addf0401aaf2d821e99d7ccca.jpg,1,original,ai_vs_human,ai_vs_human,train,0.956218,0.517502
ai_vs_human/b9116d8addf0401aaf2d821e99d7ccca.jpg,1,whatsapp,ai_vs_human,ai_vs_human,train,0.35847,0.004485
ai_vs_human/9d26a98e510e45899449ee39a19dd552.jpg,1,original,ai_vs_human,ai_vs_human,train,0.182263,0.999446
ai_vs_human/9d26a98e510e45899449ee39a19dd552.jpg,1,whatsapp,ai_vs_human,ai_vs_human,train,0.010805,0.998553
ai_vs_human/33a2ffbdba974758a1b9d9301e860a51.jpg,1,original,ai_vs_human,ai_vs_human,train,0.853219,0.999001
ai_vs_human/33a2ffbdba974758a1b9d9301e860a51.jpg,1,whatsapp,ai_vs_human,ai_vs_human,train,0.065516,0.993831
ai_vs_human/109e23a4b29a4587b680565e12fabb9f.jpg,1,original,ai_vs_human,ai_vs_human,train,0.00211,0.999189
ai_vs_human/109e23a4b29a4587b680565e12fabb9f.jpg,1,whatsapp,ai_vs_human,ai_vs_human,train,0.000831,0.938121
ai_vs_human/eb6beaf6a8b3415aade04e8eb5a48697.jpg,1,original,ai_vs_human,ai_vs_human,train,0.999484,0.999982
ai_vs_human/eb6beaf6a8b3415aade04e8eb5a48697.jpg,1,whatsapp,ai_vs_human,ai_vs_human,train,0.991285,0.999972
ai_vs_human/85dbca2bda9349528d81ba3afe3c9db5.jpg,1,original,ai_vs_human,ai_vs_human,train,0.678743,0.999974
ai_vs_human/85dbca2bda9349528d81ba3afe3c9db5.jpg,1,whatsapp,ai_vs_human,ai_vs_human,train,0.006561,0.999967
ai_vs_human/80266d3d8ab74c909d6155aab4774314.jpg,1,original,ai_vs_human,ai_vs_human,train,0.999848,0.999895
ai_vs_human/80266d3d8ab74c909d6155aab4774314.jpg,1,whatsapp,ai_vs_human,ai_vs_human,train,0.995128,0.999865
ai_vs_human/2b1647986c204032ac501da8ace4c634.jpg,1,original,ai_vs_human,ai_vs_human,train,0.999996,0.999936
ai_vs_human/2b1647986c204032ac501da8ace4c634.jpg,1,whatsapp,ai_vs_human,ai_vs_human,train,0.999971,0.999874
ai_vs_human/4e23a82cabd14df88f44f758af0c715f.jpg,1,original,ai_vs_human,ai_vs_human,train,0.999588,0.999305
ai_vs_human/4e23a82cabd14df88f44f758af0c715f.jpg,1,whatsapp,ai_vs_human,ai_vs_human,train,0.996949,0.997226
ai_vs_human/3bac68582a024f7b8e283f14514289e3.jpg,1,original,ai_vs_human,ai_vs_human,train,0.591045,0.999978
ai_vs_human/3bac68582a024f7b8e283f14514289e3.jpg,1,whatsapp,ai_vs_human,ai_vs_human,train,0.420929,0.999913
ai_vs_human/c2aa08987b434b4583bf9d4d55a3cee9.jpg,1,original,ai_vs_human,ai_vs_human,train,0.981629,0.999675
ai_vs_human/c2aa08987b434b4583bf9d4d55a3cee9.jpg,1,whatsapp,ai_vs_human,ai_vs_human,train,0.158301,0.999259
ai_vs_human/3117fec1b1be43e083e1399167a2a050.jpg,1,original,ai_vs_human,ai_vs_human,train,0.999978,0.976443
ai_vs_human/3117fec1b1be43e083e1399167a2a050.jpg,1,whatsapp,ai_vs_human,ai_vs_human,train,0.999914,0.003906
ai_vs_human/defe3d4ff0364dc7b51f2a53143bcdc0.jpg,1,original,ai_vs_human,ai_vs_human,train,0.999978,0.999994
ai_vs_human/defe3d4ff0364dc7b51f2a53143bcdc0.jpg,1,whatsapp,ai_vs_human,ai_vs_human,train,0.988017,0.999993
ai_vs_human/0857b2f5fa184997a3568b33ef41887e.jpg,1,original,ai_vs_human,ai_vs_human,train,0.999834,0.999997
ai_vs_human/0857b2f5fa184997a3568b33ef41887e.jpg,1,whatsapp,ai_vs_human,ai_vs_human,train,0.872585,0.999987
ai_vs_human/1c81a1266bbb42fe938884d57ef1916d.jpg,1,original,ai_vs_human,ai_vs_human,train,0.999995,0.999977
ai_vs_human/1c81a1266bbb42fe938884d57ef1916d.jpg,1,whatsapp,ai_vs_human,ai_vs_human,train,0.999832,0.99996
ai_vs_human/80f75bd1b8bc4d1d87d954710b20467d.jpg,1,original,ai_vs_human,ai_vs_human,train,0.897217,0.999789
ai_vs_human/80f75bd1b8bc4d1d87d954710b20467d.jpg,1,whatsapp,ai_vs_human,ai_vs_human,train,0.867987,0.999659
ai_vs_human/ed390fba45064dcb929ec1e56af63958.jpg,1,original,ai_vs_human,ai_vs_human,train,0.992951,0.997144
ai_vs_human/ed390fba45064dcb929ec1e56af63958.jpg,1,whatsapp,ai_vs_human,ai_vs_human,train,0.897318,0.031018
ai_vs_human/49b68945a39b4db3ac1b03a0e7b4e28e.jpg,1,original,ai_vs_human,ai_vs_human,train,0.996825,0.999962
ai_vs_human/49b68945a39b4db3ac1b03a0e7b4e28e.jpg,1,whatsapp,ai_vs_human,ai_vs_human,train,0.059946,0.99994
ai_vs_human/d7cc5b5aa11946e882fa85ff8aea61e6.jpg,1,original,ai_vs_human,ai_vs_human,train,0.999912,0.999922
ai_vs_human/d7cc5b5aa11946e882fa85ff8aea61e6.jpg,1,whatsapp,ai_vs_human,ai_vs_human,train,0.999303,0.999807
ai_vs_human/eff3de8988714fe2abac8185c1f704ac.jpg,1,original,ai_vs_human,ai_vs_human,train,0.999428,0.999682
ai_vs_human/eff3de8988714fe2abac8185c1f704ac.jpg,1,whatsapp,ai_vs_human,ai_vs_human,train,0.922209,0.999196
ai_vs_human/9037b52f0f164b6688d9b8be3af8cebd.jpg,1,original,ai_vs_human,ai_vs_human,train,0.986236,0.999978
ai_vs_human/9037b52f0f164b6688d9b8be3af8cebd.jpg,1,whatsapp,ai_vs_human,ai_vs_human,train,0.786583,0.999966
ai_vs_human/a0336260d71c4b36831ca6991e75ed52.jpg,1,original,ai_vs_human,ai_vs_human,train,0.99976,0.999968
ai_vs_human/a0336260d71c4b36831ca6991e75ed52.jpg,1,whatsapp,ai_vs_human,ai_vs_human,train,0.925283,0.999955
ai_vs_human/3dc61ac5a5284161aceb78fb62b68773.jpg,1,original,ai_vs_human,ai_vs_human,train,0.998688,0.997517
ai_vs_human/3dc61ac5a5284161aceb78fb62b68773.jpg,1,whatsapp,ai_vs_human,ai_vs_human,train,0.911942,0.328622
ai_vs_human/368dbcc19615430091464380619a30bd.jpg,1,original,ai_vs_human,ai_vs_human,train,0.963256,0.999952
ai_vs_human/368dbcc19615430091464380619a30bd.jpg,1,whatsapp,ai_vs_human,ai_vs_human,train,0.860926,0.999886
ai_vs_human/67e67acf7597477c9eb7f0b68434acd1.jpg,1,original,ai_vs_human,ai_vs_human,train,0.995965,0.999848
ai_vs_human/67e67acf7597477c9eb7f0b68434acd1.jpg,1,whatsapp,ai_vs_human,ai_vs_human,train,0.976875,0.999822
ai_vs_human/524527996c204f3a847b0f6d9ffd72d6.jpg,1,original,ai_vs_human,ai_vs_human,train,0.99606,0.999982
ai_vs_human/524527996c204f3a847b0f6d9ffd72d6.jpg,1,whatsapp,ai_vs_human,ai_vs_human,train,0.680964,0.999972
ai_vs_human/3fac876446b54337853859fa187675f5.jpg,1,original,ai_vs_human,ai_vs_human,train,0.010651,0.999812
ai_vs_human/3fac876446b54337853859fa187675f5.jpg,1,whatsapp,ai_vs_human,ai_vs_human,train,0.041027,0.999655
ai_vs_human/1cd724c1b85247ffad159126e3662429.jpg,1,original,ai_vs_human,ai_vs_human,train,0.054045,0.952443
ai_vs_human/1cd724c1b85247ffad159126e3662429.jpg,1,whatsapp,ai_vs_human,ai_vs_human,train,0.032346,0.00609
ai_vs_human/586aca821414451596d9b8a29d2fb68e.jpg,1,original,ai_vs_human,ai_vs_human,train,0.202999,0.998581
ai_vs_human/586aca821414451596d9b8a29d2fb68e.jpg,1,whatsapp,ai_vs_human,ai_vs_human,train,0.096775,0.998028
ai_vs_human/a16ddb1db4084ecd8480e7b3c35f5f54.jpg,1,original,ai_vs_human,ai_vs_human,train,0.999921,0.999386
ai_vs_human/a16ddb1db4084ecd8480e7b3c35f5f54.jpg,1,whatsapp,ai_vs_human,ai_vs_human,train,0.995999,0.998354
ai_vs_human/8a7e04db9d9c4d40809de9a0772296da.jpg,1,original,ai_vs_human,ai_vs_human,train,0.943386,0.00128
ai_vs_human/8a7e04db9d9c4d40809de9a0772296da.jpg,1,whatsapp,ai_vs_human,ai_vs_human,train,0.005398,0.001024
ai_vs_human/df67612d623c4fec968b4a51eb3a3402.jpg,1,original,ai_vs_human,ai_vs_human,train,0.99939,0.998764
ai_vs_human/df67612d623c4fec968b4a51eb3a3402.jpg,1,whatsapp,ai_vs_human,ai_vs_human,train,0.983612,0.997689
ai_vs_human/6f45fb3c2f744dbf8b7d0d7019e52ce3.jpg,1,original,ai_vs_human,ai_vs_human,train,0.536539,0.001996
ai_vs_human/6f45fb3c2f744dbf8b7d0d7019e52ce3.jpg,1,whatsapp,ai_vs_human,ai_vs_human,train,0.033551,0.001545
ai_vs_human/3cb60cf045df4bff9a55c10e63c98393.jpg,1,original,ai_vs_human,ai_vs_human,train,0.027531,0.999902
ai_vs_human/3cb60cf045df4bff9a55c10e63c98393.jpg,1,whatsapp,ai_vs_human,ai_vs_human,train,0.003413,0.999874
ai_vs_human/7d60cbf246aa495fa3a727e0064dfe47.jpg,1,original,ai_vs_human,ai_vs_human,train,0.999975,0.999986
ai_vs_human/7d60cbf246aa495fa3a727e0064dfe47.jpg,1,whatsapp,ai_vs_human,ai_vs_human,train,0.999773,0.999975
ai_vs_human/b6bee3ee7d214bbc8f65b8026c07d765.jpg,1,original,ai_vs_human,ai_vs_human,train,0.991334,0.999561
ai_vs_human/b6bee3ee7d214bbc8f65b8026c07d765.jpg,1,whatsapp,ai_vs_human,ai_vs_human,train,0.41497,0.999442
ai_vs_human/1160958731514f6ca15bc9fe62570f01.jpg,1,original,ai_vs_human,ai_vs_human,train,0.999994,0.999981
ai_vs_human/1160958731514f6ca15bc9fe62570f01.jpg,1,whatsapp,ai_vs_human,ai_vs_human,train,0.995733,0.999972
ai_vs_human/860d69d8d4f84989b5dce17bcba4e566.jpg,1,original,ai_vs_human,ai_vs_human,train,0.992035,0.999892
ai_vs_human/860d69d8d4f84989b5dce17bcba4e566.jpg,1,whatsapp,ai_vs_human,ai_vs_human,train,0.01546,0.999766
ai_vs_human/0a0f1c547dd147b3840a51ca85152891.jpg,1,original,ai_vs_human,ai_vs_human,train,0.999991,0.999992
ai_vs_human/0a0f1c547dd147b3840a51ca85152891.jpg,1,whatsapp,ai_vs_human,ai_vs_human,train,0.999915,0.999988
ai_vs_human/feae444352834ca3b3adc420b38e17e2.jpg,1,original,ai_vs_human,ai_vs_human,train,0.956895,0.999996
ai_vs_human/feae444352834ca3b3adc420b38e17e2.jpg,1,whatsapp,ai_vs_human,ai_vs_human,train,0.267302,0.999995
ai_vs_human/1e4e60eec2a14467b6a0186ee97b7c96.jpg,1,original,ai_vs_human,ai_vs_human,train,0.999977,0.999837
ai_vs_human/1e4e60eec2a14467b6a0186ee97b7c96.jpg,1,whatsapp,ai_vs_human,ai_vs_human,train,0.998947,0.999651
ai_vs_human/d74b97e3c40b4dbf81f17f4bd843933b.jpg,1,original,ai_vs_human,ai_vs_human,train,0.852126,0.999997
ai_vs_human/d74b97e3c40b4dbf81f17f4bd843933b.jpg,1,whatsapp,ai_vs_human,ai_vs_human,train,0.01219,0.999997
ai_vs_human/fbaf5aafcfde4bbcae66390115fe00fd.jpg,1,original,ai_vs_human,ai_vs_human,train,0.999997,0.999993
ai_vs_human/fbaf5aafcfde4bbcae66390115fe00fd.jpg,1,whatsapp,ai_vs_human,ai_vs_human,train,0.999978,0.99999
ai_vs_human/00d0c34e791f4aff940080071aa22534.jpg,1,original,ai_vs_human,ai_vs_human,train,0.999117,0.999462
ai_vs_human/00d0c34e791f4aff940080071aa22534.jpg,1,whatsapp,ai_vs_human,ai_vs_human,train,0.982227,0.999204
ai_vs_human/587bb9a1bef843fd840da11ce8dd63a5.jpg,1,original,ai_vs_human,ai_vs_human,train,0.989873,0.999972
ai_vs_human/587bb9a1bef843fd840da11ce8dd63a5.jpg,1,whatsapp,ai_vs_human,ai_vs_human,train,0.12194,0.999956
ai_vs_human/9e7f4c01f14b49ba83bf3fae6026bc95.jpg,1,original,ai_vs_human,ai_vs_human,train,0.988847,0.992949
ai_vs_human/9e7f4c01f14b49ba83bf3fae6026bc95.jpg,1,whatsapp,ai_vs_human,ai_vs_human,train,0.027644,0.003128
ai_vs_human/f0c086273e924e49ba405a33eec1a4da.jpg,1,original,ai_vs_human,ai_vs_human,train,0.56408,0.999947
ai_vs_human/f0c086273e924e49ba405a33eec1a4da.jpg,1,whatsapp,ai_vs_human,ai_vs_human,train,0.070166,0.999934
ai_vs_human/171adc0f4b754f04ae1a61045e200b69.jpg,1,original,ai_vs_human,ai_vs_human,train,0.662513,0.999914
ai_vs_human/171adc0f4b754f04ae1a61045e200b69.jpg,1,whatsapp,ai_vs_human,ai_vs_human,train,0.030767,0.999802
ai_vs_human/bfa693ab28c84dc99b789355068216f5.jpg,1,original,ai_vs_human,ai_vs_human,train,0.289448,0.999939
ai_vs_human/bfa693ab28c84dc99b789355068216f5.jpg,1,whatsapp,ai_vs_human,ai_vs_human,train,0.009818,0.999882
ai_vs_human/1ca8df2c55304adcbcb00732d89e255b.jpg,1,original,ai_vs_human,ai_vs_human,train,0.999542,0.999126
ai_vs_human/1ca8df2c55304adcbcb00732d89e255b.jpg,1,whatsapp,ai_vs_human,ai_vs_human,train,0.362564,0.998848
ai_vs_human/5af42be1accc4a70b0c8e462b2cc4ffc.jpg,1,original,ai_vs_human,ai_vs_human,train,0.021393,0.999519
ai_vs_human/5af42be1accc4a70b0c8e462b2cc4ffc.jpg,1,whatsapp,ai_vs_human,ai_vs_human,train,0.001806,0.998448
ai_vs_human/c16c2dec0c0946678bff7693f094573a.jpg,1,original,ai_vs_human,ai_vs_human,train,0.995527,0.999753
ai_vs_human/c16c2dec0c0946678bff7693f094573a.jpg,1,whatsapp,ai_vs_human,ai_vs_human,train,0.681476,0.999366
ai_vs_human/856fde2aee6e4e51a920318e4483f31c.jpg,1,original,ai_vs_human,ai_vs_human,train,0.998702,0.999901
ai_vs_human/856fde2aee6e4e51a920318e4483f31c.jpg,1,whatsapp,ai_vs_human,ai_vs_human,train,0.946167,0.999886
ai_vs_human/1a074cb1e39f44818976a36d7f434d57.jpg,1,original,ai_vs_human,ai_vs_human,train,0.283657,0.999724
ai_vs_human/1a074cb1e39f44818976a36d7f434d57.jpg,1,whatsapp,ai_vs_human,ai_vs_human,train,0.009106,0.998788
ai_vs_human/8cbe6c1877f242c19b9a7513a6c6ca2b.jpg,1,original,ai_vs_human,ai_vs_human,train,0.997791,0.999639
ai_vs_human/8cbe6c1877f242c19b9a7513a6c6ca2b.jpg,1,whatsapp,ai_vs_human,ai_vs_human,train,0.990778,0.999402
ai_vs_human/c4858f21f0a941e0a426ab65f4514a88.jpg,1,original,ai_vs_human,ai_vs_human,train,0.999992,0.999971
ai_vs_human/c4858f21f0a941e0a426ab65f4514a88.jpg,1,whatsapp,ai_vs_human,ai_vs_human,train,0.999942,0.999957
ai_vs_human/8754ca5940e24411a207474049cade98.jpg,1,original,ai_vs_human,ai_vs_human,train,0.999247,0.999893
ai_vs_human/8754ca5940e24411a207474049cade98.jpg,1,whatsapp,ai_vs_human,ai_vs_human,train,0.621208,0.999786
ai_vs_human/622795d88b9946e19d3cb0bc0ff18307.jpg,1,original,ai_vs_human,ai_vs_human,train,0.999952,0.999853
ai_vs_human/622795d88b9946e19d3cb0bc0ff18307.jpg,1,whatsapp,ai_vs_human,ai_vs_human,train,0.999934,0.999784
ai_vs_human/9feaff5b8b0d41a79f808aa548cc1393.jpg,1,original,ai_vs_human,ai_vs_human,train,0.999945,0.002559
ai_vs_human/9feaff5b8b0d41a79f808aa548cc1393.jpg,1,whatsapp,ai_vs_human,ai_vs_human,train,0.999102,0.001315
ai_vs_human/54ac6fdab8854f2f9ed2f3afc246aee0.jpg,1,original,ai_vs_human,ai_vs_human,train,0.882418,0.934883
ai_vs_human/54ac6fdab8854f2f9ed2f3afc246aee0.jpg,1,whatsapp,ai_vs_human,ai_vs_human,train,0.047384,0.007929
ai_vs_human/cdb86bf8e5eb41a6a5109cf98dcfec7a.jpg,1,original,ai_vs_human,ai_vs_human,train,0.306019,0.000608
ai_vs_human/cdb86bf8e5eb41a6a5109cf98dcfec7a.jpg,1,whatsapp,ai_vs_human,ai_vs_human,train,0.004914,0.000416
ai_vs_human/23c2337fb4ab43ee8a8d44a17a908b94.jpg,1,original,ai_vs_human,ai_vs_human,train,0.996834,0.999209
ai_vs_human/23c2337fb4ab43ee8a8d44a17a908b94.jpg,1,whatsapp,ai_vs_human,ai_vs_human,train,0.061024,0.9987
ai_vs_human/9ab18d04898f4e0b815825e7939ba05b.jpg,1,original,ai_vs_human,ai_vs_human,train,0.999482,0.999991
ai_vs_human/9ab18d04898f4e0b815825e7939ba05b.jpg,1,whatsapp,ai_vs_human,ai_vs_human,train,0.947615,0.999987
ai_vs_human/c503da4e49504e178424a7eb09cd0f07.jpg,1,original,ai_vs_human,ai_vs_human,train,0.999992,0.999981
ai_vs_human/c503da4e49504e178424a7eb09cd0f07.jpg,1,whatsapp,ai_vs_human,ai_vs_human,train,0.994869,0.99996
ai_vs_human/f3776ced00174e0a8534d801141e5e5e.jpg,1,original,ai_vs_human,ai_vs_human,train,0.999995,0.999142
ai_vs_human/f3776ced00174e0a8534d801141e5e5e.jpg,1,whatsapp,ai_vs_human,ai_vs_human,train,0.999957,0.991832
ai_vs_human/52cc0934efcd433bb696bac188e56002.jpg,1,original,ai_vs_human,ai_vs_human,train,0.999963,0.99993
ai_vs_human/52cc0934efcd433bb696bac188e56002.jpg,1,whatsapp,ai_vs_human,ai_vs_human,train,0.999473,0.999904
ai_vs_human/6a9f9517878b4866957a0112000a6703.jpg,1,original,ai_vs_human,ai_vs_human,train,0.993825,0.000106
ai_vs_human/6a9f9517878b4866957a0112000a6703.jpg,1,whatsapp,ai_vs_human,ai_vs_human,train,0.3976,8.9e-05
ai_vs_human/e514f6d61c72401e8d5d01943f9f4c29.jpg,1,original,ai_vs_human,ai_vs_human,train,0.999997,0.999925
ai_vs_human/e514f6d61c72401e8d5d01943f9f4c29.jpg,1,whatsapp,ai_vs_human,ai_vs_human,train,0.999962,0.999842
ai_vs_human/3bbec6b3ad6c4b68aa2a768537934de8.jpg,1,original,ai_vs_human,ai_vs_human,train,0.999032,0.000609
ai_vs_human/3bbec6b3ad6c4b68aa2a768537934de8.jpg,1,whatsapp,ai_vs_human,ai_vs_human,train,0.082685,0.00029
ai_vs_human/c44239c1865d43aba5f01b56cd658749.jpg,1,original,ai_vs_human,ai_vs_human,train,0.994591,0.996883
ai_vs_human/c44239c1865d43aba5f01b56cd658749.jpg,1,whatsapp,ai_vs_human,ai_vs_human,train,0.774284,0.992839
ai_vs_human/b6cf8987c1c444a089044179e1013735.jpg,1,original,ai_vs_human,ai_vs_human,train,0.999971,0.998275
ai_vs_human/b6cf8987c1c444a089044179e1013735.jpg,1,whatsapp,ai_vs_human,ai_vs_human,train,0.999924,0.014729
ai_vs_human/07e01f63ddb14333ad9dde12c9619542.jpg,1,original,ai_vs_human,ai_vs_human,train,0.9998,0.99969
ai_vs_human/07e01f63ddb14333ad9dde12c9619542.jpg,1,whatsapp,ai_vs_human,ai_vs_human,train,0.922736,0.99936
ai_vs_human/787fc703da9e463f8b4cb62b1f4ea243.jpg,1,original,ai_vs_human,ai_vs_human,train,0.999793,0.999087
ai_vs_human/787fc703da9e463f8b4cb62b1f4ea243.jpg,1,whatsapp,ai_vs_human,ai_vs_human,train,0.933312,0.998141
ai_vs_human/29fc59bc7ed94c9e9d7632644498d96a.jpg,1,original,ai_vs_human,ai_vs_human,train,0.019076,0.999612
ai_vs_human/29fc59bc7ed94c9e9d7632644498d96a.jpg,1,whatsapp,ai_vs_human,ai_vs_human,train,0.017018,0.999556
ai_vs_human/42d8d6a1b6a5414a84e783341aa95d22.jpg,1,original,ai_vs_human,ai_vs_human,train,0.999984,0.999964
ai_vs_human/42d8d6a1b6a5414a84e783341aa95d22.jpg,1,whatsapp,ai_vs_human,ai_vs_human,train,0.999316,0.999953
ai_vs_human/98375cda1ffb4f1fbbcf84ee9f7c75f0.jpg,1,original,ai_vs_human,ai_vs_human,train,0.998278,0.999264
ai_vs_human/98375cda1ffb4f1fbbcf84ee9f7c75f0.jpg,1,whatsapp,ai_vs_human,ai_vs_human,train,0.996518,0.998688
ai_vs_human/2df0b6d3e979439bb5cbe95addafc785.jpg,1,original,ai_vs_human,ai_vs_human,train,0.000187,0.003482
ai_vs_human/2df0b6d3e979439bb5cbe95addafc785.jpg,1,whatsapp,ai_vs_human,ai_vs_human,train,6.9e-05,0.002704
ai_vs_human/627d9392688348ccb4eef2fdc84b0468.jpg,1,original,ai_vs_human,ai_vs_human,train,0.99491,0.999922
ai_vs_human/627d9392688348ccb4eef2fdc84b0468.jpg,1,whatsapp,ai_vs_human,ai_vs_human,train,0.782968,0.999734
ai_vs_human/132b7c4379924e3abeb27437328fd981.jpg,1,original,ai_vs_human,ai_vs_human,train,0.155932,0.999867
ai_vs_human/132b7c4379924e3abeb27437328fd981.jpg,1,whatsapp,ai_vs_human,ai_vs_human,train,0.141126,0.999709
ai_vs_human/f784d0b4f1b040d3ab2275fa25cbc0a6.jpg,1,original,ai_vs_human,ai_vs_human,train,0.998128,0.999879
ai_vs_human/f784d0b4f1b040d3ab2275fa25cbc0a6.jpg,1,whatsapp,ai_vs_human,ai_vs_human,train,0.339153,0.999803
ai_vs_human/67ecc96528b7411cb9d0d9afa70aa7d6.jpg,1,original,ai_vs_human,ai_vs_human,train,0.224463,0.99879
ai_vs_human/67ecc96528b7411cb9d0d9afa70aa7d6.jpg,1,whatsapp,ai_vs_human,ai_vs_human,train,0.029588,0.717326
ai_vs_human/a937dbbb56af4bc9b6e0695a16d61149.jpg,1,original,ai_vs_human,ai_vs_human,train,0.999904,0.999892
ai_vs_human/a937dbbb56af4bc9b6e0695a16d61149.jpg,1,whatsapp,ai_vs_human,ai_vs_human,train,0.99981,0.999786
ai_vs_human/6dc394f4f087452eae624f7141872029.jpg,1,original,ai_vs_human,ai_vs_human,train,0.998557,0.999973
ai_vs_human/6dc394f4f087452eae624f7141872029.jpg,1,whatsapp,ai_vs_human,ai_vs_human,train,0.359423,0.999964
ai_vs_human/1f70cb1f028f435c8715dee89164ea8f.jpg,1,original,ai_vs_human,ai_vs_human,train,0.999964,0.999996
ai_vs_human/1f70cb1f028f435c8715dee89164ea8f.jpg,1,whatsapp,ai_vs_human,ai_vs_human,train,0.999496,0.999993
ai_vs_human/d94ade3683e0414a9b8b5069588c45f7.jpg,1,original,ai_vs_human,ai_vs_human,train,0.999464,0.999964
ai_vs_human/d94ade3683e0414a9b8b5069588c45f7.jpg,1,whatsapp,ai_vs_human,ai_vs_human,train,0.238231,0.99994
ai_vs_human/5b50993d5d98465ca7f072552df0d76b.jpg,1,original,ai_vs_human,ai_vs_human,train,0.349953,0.999217
ai_vs_human/5b50993d5d98465ca7f072552df0d76b.jpg,1,whatsapp,ai_vs_human,ai_vs_human,train,0.022353,0.998226
ai_vs_human/eb78040679ec4270900a9345c32cad80.jpg,1,original,ai_vs_human,ai_vs_human,train,0.999992,0.999988
ai_vs_human/eb78040679ec4270900a9345c32cad80.jpg,1,whatsapp,ai_vs_human,ai_vs_human,train,0.999647,0.999981
ai_vs_human/67bb6cce551c4e4f93b4cca168b98a1b.jpg,1,original,ai_vs_human,ai_vs_human,train,0.034548,0.989668
ai_vs_human/67bb6cce551c4e4f93b4cca168b98a1b.jpg,1,whatsapp,ai_vs_human,ai_vs_human,train,0.002837,0.0092
ai_vs_human/9debe2fe4d4a4169bcce47dff55919f9.jpg,1,original,ai_vs_human,ai_vs_human,train,0.724878,0.999989
ai_vs_human/9debe2fe4d4a4169bcce47dff55919f9.jpg,1,whatsapp,ai_vs_human,ai_vs_human,train,0.580703,0.999986
ai_vs_human/1e2802b28f784fa3935ac06602805ae1.jpg,1,original,ai_vs_human,ai_vs_human,train,0.999914,0.999959
ai_vs_human/1e2802b28f784fa3935ac06602805ae1.jpg,1,whatsapp,ai_vs_human,ai_vs_human,train,0.998784,0.99994
ai_vs_human/7c2a305336574ad28ea3dc02883ef807.jpg,1,original,ai_vs_human,ai_vs_human,train,0.999655,0.999917
ai_vs_human/7c2a305336574ad28ea3dc02883ef807.jpg,1,whatsapp,ai_vs_human,ai_vs_human,train,0.970926,0.999895
ai_vs_human/3e7e4a398a5d4bf4b0f8c99f989daf3e.jpg,1,original,ai_vs_human,ai_vs_human,train,0.216814,0.008187
ai_vs_human/3e7e4a398a5d4bf4b0f8c99f989daf3e.jpg,1,whatsapp,ai_vs_human,ai_vs_human,train,0.035175,0.002293
ai_vs_human/6460e7bdbaf7452c853701cf9a384ac2.jpg,1,original,ai_vs_human,ai_vs_human,train,0.99985,0.997493
ai_vs_human/6460e7bdbaf7452c853701cf9a384ac2.jpg,1,whatsapp,ai_vs_human,ai_vs_human,train,0.996904,0.995843
ai_vs_human/f11bf4beb567418e8017638befbe9d98.jpg,1,original,ai_vs_human,ai_vs_human,train,0.999995,0.999992
ai_vs_human/f11bf4beb567418e8017638befbe9d98.jpg,1,whatsapp,ai_vs_human,ai_vs_human,train,0.999983,0.99999
ai_vs_human/2df3e2c59bc04278ac3d8b575bf1650d.jpg,1,original,ai_vs_human,ai_vs_human,train,0.99986,0.999205
ai_vs_human/2df3e2c59bc04278ac3d8b575bf1650d.jpg,1,whatsapp,ai_vs_human,ai_vs_human,train,0.713309,0.998395
ai_vs_human/bb52d7a5709f4278b5801ab07ec4be27.jpg,1,original,ai_vs_human,ai_vs_human,train,0.004778,0.999192
ai_vs_human/bb52d7a5709f4278b5801ab07ec4be27.jpg,1,whatsapp,ai_vs_human,ai_vs_human,train,8.6e-05,0.998901
ai_vs_human/03df6b5ee31c4244a687b2c43f93cf43.jpg,1,original,ai_vs_human,ai_vs_human,train,0.999998,0.999977
ai_vs_human/03df6b5ee31c4244a687b2c43f93cf43.jpg,1,whatsapp,ai_vs_human,ai_vs_human,train,0.999985,0.999963
ai_vs_human/f9e6bfa791dd4315be15b5b67eed634c.jpg,1,original,ai_vs_human,ai_vs_human,train,0.999659,0.999978
ai_vs_human/f9e6bfa791dd4315be15b5b67eed634c.jpg,1,whatsapp,ai_vs_human,ai_vs_human,train,0.947854,0.999966
ai_vs_human/f516e490b3eb42cf9e647407bd2ee804.jpg,1,original,ai_vs_human,ai_vs_human,train,0.986492,0.999729
ai_vs_human/f516e490b3eb42cf9e647407bd2ee804.jpg,1,whatsapp,ai_vs_human,ai_vs_human,train,0.865458,0.999656
ai_vs_human/45a7f5fe2911482fbcb1533c04f11c33.jpg,1,original,ai_vs_human,ai_vs_human,train,0.108166,0.999553
ai_vs_human/45a7f5fe2911482fbcb1533c04f11c33.jpg,1,whatsapp,ai_vs_human,ai_vs_human,train,0.000123,0.999304
ai_vs_human/07c3cd083adf44869c320db2d1f29bf6.jpg,1,original,ai_vs_human,ai_vs_human,train,0.997077,0.999498
ai_vs_human/07c3cd083adf44869c320db2d1f29bf6.jpg,1,whatsapp,ai_vs_human,ai_vs_human,train,0.946169,0.999149
ai_vs_human/59c187ac7b314d9ebfdcca02981f83f5.jpg,1,original,ai_vs_human,ai_vs_human,train,0.897784,0.999632
ai_vs_human/59c187ac7b314d9ebfdcca02981f83f5.jpg,1,whatsapp,ai_vs_human,ai_vs_human,train,0.237722,0.99927
ai_vs_human/1b8035f48fab47f286a0d34a51bf675a.jpg,1,original,ai_vs_human,ai_vs_human,train,0.175803,0.999896
ai_vs_human/1b8035f48fab47f286a0d34a51bf675a.jpg,1,whatsapp,ai_vs_human,ai_vs_human,train,0.026104,0.99983
ai_vs_human/635f7d7ea05b42fd978e917e088ef9ba.jpg,1,original,ai_vs_human,ai_vs_human,train,0.999821,0.999884
ai_vs_human/635f7d7ea05b42fd978e917e088ef9ba.jpg,1,whatsapp,ai_vs_human,ai_vs_human,train,0.920889,0.999678
ai_vs_human/31770e14e99e47c9b80415da0ca179e3.jpg,1,original,ai_vs_human,ai_vs_human,train,0.554375,0.999179
ai_vs_human/31770e14e99e47c9b80415da0ca179e3.jpg,1,whatsapp,ai_vs_human,ai_vs_human,train,0.036619,0.999192
ai_vs_human/2fb73fd4a1cf40b387f02c43dcbb59fb.jpg,1,original,ai_vs_human,ai_vs_human,train,0.917889,0.998218
ai_vs_human/2fb73fd4a1cf40b387f02c43dcbb59fb.jpg,1,whatsapp,ai_vs_human,ai_vs_human,train,0.591505,0.998364
ai_vs_human/98c626ea190143fea677e090b70e7cbb.jpg,1,original,ai_vs_human,ai_vs_human,train,0.999789,0.999955
ai_vs_human/98c626ea190143fea677e090b70e7cbb.jpg,1,whatsapp,ai_vs_human,ai_vs_human,train,0.745423,0.999927
ai_vs_human/0c77cba1567b40178909e7f58ccae8d0.jpg,1,original,ai_vs_human,ai_vs_human,train,0.00927,0.998133
ai_vs_human/0c77cba1567b40178909e7f58ccae8d0.jpg,1,whatsapp,ai_vs_human,ai_vs_human,train,0.001005,0.808054
ai_vs_human/d195fc3b27cd4799b118e621d5da9feb.jpg,1,original,ai_vs_human,ai_vs_human,train,0.999907,0.999916
ai_vs_human/d195fc3b27cd4799b118e621d5da9feb.jpg,1,whatsapp,ai_vs_human,ai_vs_human,train,0.967675,0.999819
ai_vs_human/a080b13e189e41e6b8a07beee24ee779.jpg,1,original,ai_vs_human,ai_vs_human,train,0.176826,0.999943
ai_vs_human/a080b13e189e41e6b8a07beee24ee779.jpg,1,whatsapp,ai_vs_human,ai_vs_human,train,0.039636,0.999785
ai_vs_human/c3fd59280bd9433aa870542657389b29.jpg,1,original,ai_vs_human,ai_vs_human,train,0.999716,0.99941
ai_vs_human/c3fd59280bd9433aa870542657389b29.jpg,1,whatsapp,ai_vs_human,ai_vs_human,train,0.949753,0.998976
ai_vs_human/4128d8d708e8469ca95b82095d2366ef.jpg,1,original,ai_vs_human,ai_vs_human,train,0.99997,0.999989
ai_vs_human/4128d8d708e8469ca95b82095d2366ef.jpg,1,whatsapp,ai_vs_human,ai_vs_human,train,0.997411,0.999985
ai_vs_human/9a826a9ac6cd481e8860b25742034515.jpg,1,original,ai_vs_human,ai_vs_human,train,0.99993,0.999887
ai_vs_human/9a826a9ac6cd481e8860b25742034515.jpg,1,whatsapp,ai_vs_human,ai_vs_human,train,0.985535,0.999839
ai_vs_human/ae38991359e843a7a249bc44de36479d.jpg,1,original,ai_vs_human,ai_vs_human,train,0.999919,0.999674
ai_vs_human/ae38991359e843a7a249bc44de36479d.jpg,1,whatsapp,ai_vs_human,ai_vs_human,train,0.91672,0.999035
ai_vs_human/f116be0473c0493e8037fb788fd6d416.jpg,1,original,ai_vs_human,ai_vs_human,train,0.992714,0.999904
ai_vs_human/f116be0473c0493e8037fb788fd6d416.jpg,1,whatsapp,ai_vs_human,ai_vs_human,train,0.960849,0.999734
ai_vs_human/cf4b10d8169c4d5b95271b0b2daa246a.jpg,1,original,ai_vs_human,ai_vs_human,train,0.99997,0.999995
ai_vs_human/cf4b10d8169c4d5b95271b0b2daa246a.jpg,1,whatsapp,ai_vs_human,ai_vs_human,train,0.999856,0.999994
ai_vs_human/5e02fa344f274c8eb6080629db29b5a3.jpg,1,original,ai_vs_human,ai_vs_human,train,0.059236,0.998409
ai_vs_human/5e02fa344f274c8eb6080629db29b5a3.jpg,1,whatsapp,ai_vs_human,ai_vs_human,train,0.023792,0.997157
ai_vs_human/e446c18e283c4492afdfc6c4795a8559.jpg,1,original,ai_vs_human,ai_vs_human,train,0.999997,0.999804
ai_vs_human/e446c18e283c4492afdfc6c4795a8559.jpg,1,whatsapp,ai_vs_human,ai_vs_human,train,0.999777,0.999527
ai_vs_human/0dd80f4487d049929c2e0e21a9c9d453.jpg,1,original,ai_vs_human,ai_vs_human,train,0.997224,0.999995
ai_vs_human/0dd80f4487d049929c2e0e21a9c9d453.jpg,1,whatsapp,ai_vs_human,ai_vs_human,train,0.853615,0.999992
ai_vs_human/a505c631b3c64ad6a0ff1518e9b9cf3b.jpg,1,original,ai_vs_human,ai_vs_human,train,0.999972,0.999159
ai_vs_human/a505c631b3c64ad6a0ff1518e9b9cf3b.jpg,1,whatsapp,ai_vs_human,ai_vs_human,train,0.999506,0.998383
ai_vs_human/4bfd7ef2085e4cd1996a1493cdfc76cf.jpg,1,original,ai_vs_human,ai_vs_human,train,0.998162,0.999958
ai_vs_human/4bfd7ef2085e4cd1996a1493cdfc76cf.jpg,1,whatsapp,ai_vs_human,ai_vs_human,train,0.928121,0.99992
ai_vs_human/ab5bd79d55ea4820b7d30510013b4c3c.jpg,1,original,ai_vs_human,ai_vs_human,train,0.997883,0.999951
ai_vs_human/ab5bd79d55ea4820b7d30510013b4c3c.jpg,1,whatsapp,ai_vs_human,ai_vs_human,train,0.903178,0.999909
ai_vs_human/325902ec471940ce83046f090c3a665e.jpg,1,original,ai_vs_human,ai_vs_human,train,0.999949,0.999979
ai_vs_human/325902ec471940ce83046f090c3a665e.jpg,1,whatsapp,ai_vs_human,ai_vs_human,train,0.652897,0.999979
ai_vs_human/98740983c29f4159b78c56dd7abaa961.jpg,1,original,ai_vs_human,ai_vs_human,train,0.999732,0.999881
ai_vs_human/98740983c29f4159b78c56dd7abaa961.jpg,1,whatsapp,ai_vs_human,ai_vs_human,train,0.985698,0.999083
ai_vs_human/4389f780d1c742dcbe3f89574c7c758b.jpg,1,original,ai_vs_human,ai_vs_human,train,0.993163,0.999868
ai_vs_human/4389f780d1c742dcbe3f89574c7c758b.jpg,1,whatsapp,ai_vs_human,ai_vs_human,train,0.111731,0.999807
ai_vs_human/8f76b618064249788f60812143f8d062.jpg,1,original,ai_vs_human,ai_vs_human,train,0.842073,0.999688
ai_vs_human/8f76b618064249788f60812143f8d062.jpg,1,whatsapp,ai_vs_human,ai_vs_human,train,0.593174,0.99957
ai_vs_human/f2f1347514184261ae4de1a061bc2387.jpg,1,original,ai_vs_human,ai_vs_human,train,0.999847,0.99996
ai_vs_human/f2f1347514184261ae4de1a061bc2387.jpg,1,whatsapp,ai_vs_human,ai_vs_human,train,0.998234,0.999931
ai_vs_human/ede3e41818ea45c88751cd2d26576dbc.jpg,1,original,ai_vs_human,ai_vs_human,train,0.999499,0.999994
ai_vs_human/ede3e41818ea45c88751cd2d26576dbc.jpg,1,whatsapp,ai_vs_human,ai_vs_human,train,0.432948,0.999992
ai_vs_human/abfe37d1eecf43a3945c265aec4c5e2a.jpg,1,original,ai_vs_human,ai_vs_human,train,0.992609,0.998379
ai_vs_human/abfe37d1eecf43a3945c265aec4c5e2a.jpg,1,whatsapp,ai_vs_human,ai_vs_human,train,0.995581,0.998253
ai_vs_human/c6e355ee8f9f42398a88717db4459a15.jpg,1,original,ai_vs_human,ai_vs_human,train,0.999857,0.999649
ai_vs_human/c6e355ee8f9f42398a88717db4459a15.jpg,1,whatsapp,ai_vs_human,ai_vs_human,train,0.92622,0.999418
ai_vs_human/5c97144fe7b842428e0c647e13474606.jpg,1,original,ai_vs_human,ai_vs_human,train,0.046607,0.999745
ai_vs_human/5c97144fe7b842428e0c647e13474606.jpg,1,whatsapp,ai_vs_human,ai_vs_human,train,0.008246,0.999569
ai_vs_human/90117eb925854ae38d685dcbe290530d.jpg,1,original,ai_vs_human,ai_vs_human,train,0.697121,0.999638
ai_vs_human/90117eb925854ae38d685dcbe290530d.jpg,1,whatsapp,ai_vs_human,ai_vs_human,train,0.031288,0.999313
ai_vs_human/542ac153b2034d7992b65937650625b6.jpg,1,original,ai_vs_human,ai_vs_human,train,0.999985,0.998809
ai_vs_human/542ac153b2034d7992b65937650625b6.jpg,1,whatsapp,ai_vs_human,ai_vs_human,train,0.999783,0.001517
ai_vs_human/b2ca932081a24f6c926fce4e47da6d36.jpg,1,original,ai_vs_human,ai_vs_human,train,0.999988,0.999943
ai_vs_human/b2ca932081a24f6c926fce4e47da6d36.jpg,1,whatsapp,ai_vs_human,ai_vs_human,train,0.999815,0.99991
ai_vs_human/d88dc6bad6964f9897534bfa8cbb30af.jpg,1,original,ai_vs_human,ai_vs_human,train,0.999959,0.999993
ai_vs_human/d88dc6bad6964f9897534bfa8cbb30af.jpg,1,whatsapp,ai_vs_human,ai_vs_human,train,0.99349,0.99998
ai_vs_human/677838ed04db4f5ab38ea7a37571efca.jpg,1,original,ai_vs_human,ai_vs_human,train,0.997952,0.002401
ai_vs_human/677838ed04db4f5ab38ea7a37571efca.jpg,1,whatsapp,ai_vs_human,ai_vs_human,train,0.552629,0.002021
ai_vs_human/26a04279ac054005a60a207bebf90056.jpg,1,original,ai_vs_human,ai_vs_human,train,0.973244,0.999992
ai_vs_human/26a04279ac054005a60a207bebf90056.jpg,1,whatsapp,ai_vs_human,ai_vs_human,train,0.0152,0.999989
ai_vs_human/cebf9a3bac294fbf9183483cb93d3333.jpg,1,original,ai_vs_human,ai_vs_human,train,0.999719,0.999264
ai_vs_human/cebf9a3bac294fbf9183483cb93d3333.jpg,1,whatsapp,ai_vs_human,ai_vs_human,train,0.998063,0.99726
ai_vs_human/80bb0ca0de224338829c8fe6c1ea3c52.jpg,1,original,ai_vs_human,ai_vs_human,train,0.999995,0.012973
ai_vs_human/80bb0ca0de224338829c8fe6c1ea3c52.jpg,1,whatsapp,ai_vs_human,ai_vs_human,train,0.998506,0.001134
ai_vs_human/42bc85ce438b4060b1d18458a706671e.jpg,1,original,ai_vs_human,ai_vs_human,train,0.993847,0.999939
ai_vs_human/42bc85ce438b4060b1d18458a706671e.jpg,1,whatsapp,ai_vs_human,ai_vs_human,train,0.952944,0.999909
ai_vs_human/24b3e845cd504ee894f0162b6538ac4b.jpg,1,original,ai_vs_human,ai_vs_human,train,0.999994,0.999919
ai_vs_human/24b3e845cd504ee894f0162b6538ac4b.jpg,1,whatsapp,ai_vs_human,ai_vs_human,train,0.999177,0.999827
ai_vs_human/cc60a04243fe4f4887d79941afc394d5.jpg,1,original,ai_vs_human,ai_vs_human,train,0.999841,0.999814
ai_vs_human/cc60a04243fe4f4887d79941afc394d5.jpg,1,whatsapp,ai_vs_human,ai_vs_human,train,0.81531,0.999643
ai_vs_human/8d384050b87844eaa3fce11b50410963.jpg,1,original,ai_vs_human,ai_vs_human,train,0.999985,0.99999
ai_vs_human/8d384050b87844eaa3fce11b50410963.jpg,1,whatsapp,ai_vs_human,ai_vs_human,train,0.999908,0.999985
ai_vs_human/a8d72ca6d40d4cd1a3e74450825f9e2a.jpg,1,original,ai_vs_human,ai_vs_human,train,0.044926,0.002388
ai_vs_human/a8d72ca6d40d4cd1a3e74450825f9e2a.jpg,1,whatsapp,ai_vs_human,ai_vs_human,train,0.005651,0.001252
ai_vs_human/93b221e8ba7849a6b0ce5d3e9dddccfc.jpg,1,original,ai_vs_human,ai_vs_human,train,0.920217,0.998814
ai_vs_human/93b221e8ba7849a6b0ce5d3e9dddccfc.jpg,1,whatsapp,ai_vs_human,ai_vs_human,train,0.507285,0.998506
ai_vs_human/c418162e18f04ac5aae030db31073287.jpg,1,original,ai_vs_human,ai_vs_human,train,0.801799,0.999984
ai_vs_human/c418162e18f04ac5aae030db31073287.jpg,1,whatsapp,ai_vs_human,ai_vs_human,train,0.037689,0.999975
ai_vs_human/e01b3329a4fc4b29bf4061b7e07914ee.jpg,1,original,ai_vs_human,ai_vs_human,train,0.899307,0.999979
ai_vs_human/e01b3329a4fc4b29bf4061b7e07914ee.jpg,1,whatsapp,ai_vs_human,ai_vs_human,train,0.938096,0.999956
ai_vs_human/9efc5c4bec1e4cb3bef3156c6fd2870c.jpg,1,original,ai_vs_human,ai_vs_human,train,0.999985,0.999984
ai_vs_human/9efc5c4bec1e4cb3bef3156c6fd2870c.jpg,1,whatsapp,ai_vs_human,ai_vs_human,train,0.999673,0.999961
ai_vs_human/aa8d0726b4934fc2aacabdb27d28c140.jpg,1,original,ai_vs_human,ai_vs_human,train,0.999946,0.999962
ai_vs_human/aa8d0726b4934fc2aacabdb27d28c140.jpg,1,whatsapp,ai_vs_human,ai_vs_human,train,0.967789,0.999928
ai_vs_human/8b814b5db4024f8993562339b4947093.jpg,1,original,ai_vs_human,ai_vs_human,train,0.847331,0.999962
ai_vs_human/8b814b5db4024f8993562339b4947093.jpg,1,whatsapp,ai_vs_human,ai_vs_human,train,0.587982,0.999976
ai_vs_human/45d85c25a85244be97c861b9dcfe7f60.jpg,1,original,ai_vs_human,ai_vs_human,train,0.999994,0.998078
ai_vs_human/45d85c25a85244be97c861b9dcfe7f60.jpg,1,whatsapp,ai_vs_human,ai_vs_human,train,0.995512,0.001458
ai_vs_human/0991787295b343e8ad677d74a9751d49.jpg,1,original,ai_vs_human,ai_vs_human,train,0.996821,0.999998
ai_vs_human/0991787295b343e8ad677d74a9751d49.jpg,1,whatsapp,ai_vs_human,ai_vs_human,train,0.915804,0.999998
ai_vs_human/adcae760cf864a53af11c72a4a4af9c4.jpg,1,original,ai_vs_human,ai_vs_human,train,0.991482,0.999559
ai_vs_human/adcae760cf864a53af11c72a4a4af9c4.jpg,1,whatsapp,ai_vs_human,ai_vs_human,train,0.932636,0.998955
ai_vs_human/4deb6247209b491db1986f8b20f6b930.jpg,1,original,ai_vs_human,ai_vs_human,train,0.999995,0.999974
ai_vs_human/4deb6247209b491db1986f8b20f6b930.jpg,1,whatsapp,ai_vs_human,ai_vs_human,train,0.99866,0.999963
ai_vs_human/b68613d861094a0fbd6fffc96743ebaa.jpg,1,original,ai_vs_human,ai_vs_human,train,0.999998,0.999928
ai_vs_human/b68613d861094a0fbd6fffc96743ebaa.jpg,1,whatsapp,ai_vs_human,ai_vs_human,train,0.999968,0.99989
ai_vs_human/0122844b24454435b153e5c25a6cbc20.jpg,1,original,ai_vs_human,ai_vs_human,train,0.999863,0.999374
ai_vs_human/0122844b24454435b153e5c25a6cbc20.jpg,1,whatsapp,ai_vs_human,ai_vs_human,train,0.999461,0.999058
ai_vs_human/d1ce1967ac5d4a1995d08f31e4b44ff7.jpg,1,original,ai_vs_human,ai_vs_human,train,0.999994,0.999993
ai_vs_human/d1ce1967ac5d4a1995d08f31e4b44ff7.jpg,1,whatsapp,ai_vs_human,ai_vs_human,train,0.99745,0.999992
ai_vs_human/b4d397b68be44f01a4e003c7af919fb6.jpg,1,original,ai_vs_human,ai_vs_human,train,0.999597,0.999807
ai_vs_human/b4d397b68be44f01a4e003c7af919fb6.jpg,1,whatsapp,ai_vs_human,ai_vs_human,train,0.993769,0.999205
ai_vs_human/47742776c1684df9a4c86a7b3c57568f.jpg,1,original,ai_vs_human,ai_vs_human,train,0.997431,0.999596
ai_vs_human/47742776c1684df9a4c86a7b3c57568f.jpg,1,whatsapp,ai_vs_human,ai_vs_human,train,0.16863,0.999412
ai_vs_human/175de3280d7645d7b2040afe3d3d534e.jpg,1,original,ai_vs_human,ai_vs_human,train,0.238703,0.985891
ai_vs_human/175de3280d7645d7b2040afe3d3d534e.jpg,1,whatsapp,ai_vs_human,ai_vs_human,train,0.01646,0.968903
ai_vs_human/5174ea116e184ec79447ca7b1152577a.jpg,1,original,ai_vs_human,ai_vs_human,train,0.999983,0.999951
ai_vs_human/5174ea116e184ec79447ca7b1152577a.jpg,1,whatsapp,ai_vs_human,ai_vs_human,train,0.99985,0.999862
ai_vs_human/336746619ecc4308bb127a61ddb90675.jpg,1,original,ai_vs_human,ai_vs_human,train,0.999981,0.999967
ai_vs_human/336746619ecc4308bb127a61ddb90675.jpg,1,whatsapp,ai_vs_human,ai_vs_human,train,0.999225,0.999957
ai_vs_human/e93545cd280640c996d8414ecdf79562.jpg,1,original,ai_vs_human,ai_vs_human,train,0.999978,0.999997
ai_vs_human/e93545cd280640c996d8414ecdf79562.jpg,1,whatsapp,ai_vs_human,ai_vs_human,train,0.999713,0.999997
ai_vs_human/e837d5d22dd44a209d07c8302f1af366.jpg,1,original,ai_vs_human,ai_vs_human,train,0.976606,0.999648
ai_vs_human/e837d5d22dd44a209d07c8302f1af366.jpg,1,whatsapp,ai_vs_human,ai_vs_human,train,0.96394,0.999453
ai_vs_human/89ce2514cbdc411b9f6b39db010b9ba0.jpg,1,original,ai_vs_human,ai_vs_human,train,0.99995,0.638249
ai_vs_human/89ce2514cbdc411b9f6b39db010b9ba0.jpg,1,whatsapp,ai_vs_human,ai_vs_human,train,0.996014,0.012373
ai_vs_human/a5557947987e42118d1c5d516107c8f4.jpg,1,original,ai_vs_human,ai_vs_human,train,0.999422,0.001847
ai_vs_human/a5557947987e42118d1c5d516107c8f4.jpg,1,whatsapp,ai_vs_human,ai_vs_human,train,0.937561,0.001111
ai_vs_human/4369b57210a34901b54f7265d651786e.jpg,1,original,ai_vs_human,ai_vs_human,train,0.997783,0.999923
ai_vs_human/4369b57210a34901b54f7265d651786e.jpg,1,whatsapp,ai_vs_human,ai_vs_human,train,0.782026,0.999892
ai_vs_human/dc66d8c9b305466795973b24733800de.jpg,1,original,ai_vs_human,ai_vs_human,train,0.999998,0.999931
ai_vs_human/dc66d8c9b305466795973b24733800de.jpg,1,whatsapp,ai_vs_human,ai_vs_human,train,0.999948,0.9999
ai_vs_human/3de11fb8265445a49a7aeba12fb46776.jpg,1,original,ai_vs_human,ai_vs_human,train,0.996625,0.99996
ai_vs_human/3de11fb8265445a49a7aeba12fb46776.jpg,1,whatsapp,ai_vs_human,ai_vs_human,train,0.957249,0.999903
ai_vs_human/8e487b9a25fc4b908f24c492445f5f69.jpg,1,original,ai_vs_human,ai_vs_human,train,0.99925,0.999847
ai_vs_human/8e487b9a25fc4b908f24c492445f5f69.jpg,1,whatsapp,ai_vs_human,ai_vs_human,train,0.918175,0.999632
casia_splicing/au_001.jpg,0,original,camera,casia_splicing,eval,6.4e-05,0.997744
casia_splicing/au_002.jpg,0,original,camera,casia_splicing,eval,0.000394,7.1e-05
casia_splicing/au_003.jpg,0,original,camera,casia_splicing,eval,0.001548,0.000135
casia_splicing/au_004.jpeg,0,original,camera,casia_splicing,eval,0.001329,0.000231
casia_splicing/au_005.jpeg,0,original,camera,casia_splicing,eval,0.0054,3.1e-05
casia_splicing/au_006.jpeg,0,original,camera,casia_splicing,eval,0.024602,0.997586
casia_splicing/au_007.jpg,0,original,camera,casia_splicing,eval,0.01486,0.999168
casia_splicing/au_008.jpg,0,original,camera,casia_splicing,eval,2.2e-05,6e-06
casia_splicing/au_009.jpg,0,original,camera,casia_splicing,eval,3e-06,2e-06
casia_splicing/au_010.jpg,0,original,camera,casia_splicing,eval,1.5e-05,6e-06
casia_splicing/au_011.jpg,0,original,camera,casia_splicing,eval,4e-05,8.3e-05
casia_splicing/au_012.jpg,0,original,camera,casia_splicing,eval,1.9e-05,3.1e-05
casia_splicing/au_013.jpg,0,original,camera,casia_splicing,eval,0.000142,4e-06
casia_splicing/au_014.jpg,0,original,camera,casia_splicing,eval,1.2e-05,0.965117
casia_splicing/au_015.jpg,0,original,camera,casia_splicing,eval,0.002121,0.997898
casia_splicing/au_016.jpg,0,original,camera,casia_splicing,eval,3.8e-05,0.998882
casia_splicing/au_017.jpg,0,original,camera,casia_splicing,eval,0.000959,0.999345
casia_splicing/au_018.jpg,0,original,camera,casia_splicing,eval,0.004617,6e-06
casia_splicing/au_019.jpeg,0,original,camera,casia_splicing,eval,0.002538,0.000132
casia_splicing/au_020.jpeg,0,original,camera,casia_splicing,eval,0.000718,0.000298
casia_splicing/au_021.jpeg,0,original,camera,casia_splicing,eval,0.000401,5.4e-05
casia_splicing/au_022.jpeg,0,original,camera,casia_splicing,eval,0.008942,0.001065
casia_splicing/au_023.jpeg,0,original,camera,casia_splicing,eval,0.002533,0.00011
casia_splicing/au_024.jpeg,0,original,camera,casia_splicing,eval,0.001195,2.6e-05
casia_splicing/au_025.jpeg,0,original,camera,casia_splicing,eval,0.000349,9e-05
casia_splicing/au_026.jpeg,0,original,camera,casia_splicing,eval,0.001398,0.000237
casia_splicing/au_027.jpeg,0,original,camera,casia_splicing,eval,4.3e-05,5.2e-05
casia_splicing/au_028.jpeg,0,original,camera,casia_splicing,eval,0.000662,0.00021
casia_splicing/au_029.jpg,0,original,camera,casia_splicing,eval,0.000226,0.000645
casia_splicing/au_030.jpg,0,original,camera,casia_splicing,eval,6e-06,1.6e-05
casia_splicing/au_031.jpg,0,original,camera,casia_splicing,eval,1.1e-05,9.8e-05
casia_splicing/au_032.jpg,0,original,camera,casia_splicing,eval,0.000927,0.993799
casia_splicing/au_033.jpg,0,original,camera,casia_splicing,eval,5.9e-05,0.000169
casia_splicing/au_034.jpg,0,original,camera,casia_splicing,eval,0.000107,0.999554
casia_splicing/au_035.jpg,0,original,camera,casia_splicing,eval,4e-06,2.6e-05
casia_splicing/au_036.jpg,0,original,camera,casia_splicing,eval,0.001345,0.001958
casia_splicing/au_037.jpg,0,original,camera,casia_splicing,eval,0.000295,2e-06
casia_splicing/au_038.jpg,0,original,camera,casia_splicing,eval,0.000379,0.004861
casia_splicing/au_039.jpg,0,original,camera,casia_splicing,eval,0.008293,0.999154
casia_splicing/au_040.jpg,0,original,camera,casia_splicing,eval,0.017093,0.013025
casia_splicing/au_041.jpg,0,original,camera,casia_splicing,eval,0.002555,0.000215
casia_splicing/au_042.jpg,0,original,camera,casia_splicing,eval,0.001409,0.000315
casia_splicing/au_043.jpg,0,original,camera,casia_splicing,eval,0.163767,0.013114
casia_splicing/au_044.jpg,0,original,camera,casia_splicing,eval,0.001509,0.997356
casia_splicing/au_045.jpg,0,original,camera,casia_splicing,eval,0.000709,0.00216
casia_splicing/au_046.jpg,0,original,camera,casia_splicing,eval,5.3e-05,4.6e-05
casia_splicing/au_047.jpg,0,original,camera,casia_splicing,eval,9e-06,0.000199
casia_splicing/au_048.jpg,0,original,camera,casia_splicing,eval,0.000306,0.002224
casia_splicing/au_049.jpg,0,original,camera,casia_splicing,eval,0.011602,0.001527
casia_splicing/au_050.jpeg,0,original,camera,casia_splicing,eval,5e-05,0.142772
casia_splicing/au_051.jpg,0,original,camera,casia_splicing,eval,0.021902,0.996948
casia_splicing/au_052.jpg,0,original,camera,casia_splicing,eval,0.001081,0.004862
casia_splicing/au_053.jpg,0,original,camera,casia_splicing,eval,0.000949,0.000396
casia_splicing/au_054.jpg,0,original,camera,casia_splicing,eval,2.5e-05,1.1e-05
casia_splicing/au_055.jpg,0,original,camera,casia_splicing,eval,0.00065,0.000335
casia_splicing/au_056.jpg,0,original,camera,casia_splicing,eval,0.000107,6.6e-05
casia_splicing/au_057.jpg,0,original,camera,casia_splicing,eval,0.000551,0.000454
casia_splicing/au_058.jpg,0,original,camera,casia_splicing,eval,0.000491,3e-05
casia_splicing/au_059.jpg,0,original,camera,casia_splicing,eval,6.1e-05,0.000119
casia_splicing/au_060.jpg,0,original,camera,casia_splicing,eval,0.000512,0.997286
casia_splicing/au_061.jpg,0,original,camera,casia_splicing,eval,0.000545,0.991689
casia_splicing/au_062.jpg,0,original,camera,casia_splicing,eval,5.5e-05,0.00143
casia_splicing/au_063.jpg,0,original,camera,casia_splicing,eval,0.119364,1.5e-05
casia_splicing/au_064.jpg,0,original,camera,casia_splicing,eval,0.00295,7e-06
casia_splicing/au_065.jpg,0,original,camera,casia_splicing,eval,2.3e-05,0.303366
casia_splicing/au_066.jpg,0,original,camera,casia_splicing,eval,2.7e-05,6.4e-05
casia_splicing/au_067.jpg,0,original,camera,casia_splicing,eval,0.001397,0.010857
casia_splicing/au_068.jpg,0,original,camera,casia_splicing,eval,2.6e-05,0.000124
casia_splicing/au_069.jpg,0,original,camera,casia_splicing,eval,0.00011,0.992869
casia_splicing/au_070.jpg,0,original,camera,casia_splicing,eval,0.04829,0.062627
casia_splicing/au_071.jpeg,0,original,camera,casia_splicing,eval,0.00146,1.7e-05
casia_splicing/au_072.jpeg,0,original,camera,casia_splicing,eval,0.00161,5e-05
casia_splicing/au_073.jpeg,0,original,camera,casia_splicing,eval,0.001482,0.000172
casia_splicing/au_074.jpeg,0,original,camera,casia_splicing,eval,5e-06,0.009308
casia_splicing/au_075.jpeg,0,original,camera,casia_splicing,eval,0.000473,0.000396
casia_splicing/au_076.jpeg,0,original,camera,casia_splicing,eval,0.000678,5.7e-05
casia_splicing/au_077.jpg,0,original,camera,casia_splicing,eval,0.202514,0.996768
casia_splicing/au_078.jpg,0,original,camera,casia_splicing,eval,0.001463,0.000147
casia_splicing/au_079.jpg,0,original,camera,casia_splicing,eval,0.000228,1.6e-05
casia_splicing/au_080.jpg,0,original,camera,casia_splicing,eval,0.001522,0.998541
casia_splicing/au_081.jpg,0,original,camera,casia_splicing,eval,0.013335,0.001985
casia_splicing/au_082.jpg,0,original,camera,casia_splicing,eval,0.000188,0.000265
casia_splicing/au_083.jpg,0,original,camera,casia_splicing,eval,0.00035,0.000112
casia_splicing/au_084.jpg,0,original,camera,casia_splicing,eval,0.023632,0.001509
casia_splicing/au_085.jpg,0,original,camera,casia_splicing,eval,0.003866,2e-05
casia_splicing/au_086.jpg,0,original,camera,casia_splicing,eval,0.000118,2.8e-05
casia_splicing/au_087.jpg,0,original,camera,casia_splicing,eval,0.000246,5.4e-05
casia_splicing/au_088.jpg,0,original,camera,casia_splicing,eval,0.070846,3.6e-05
casia_splicing/au_089.jpg,0,original,camera,casia_splicing,eval,0.060023,0.000732
casia_splicing/au_090.jpg,0,original,camera,casia_splicing,eval,0.000265,0.667023
casia_splicing/au_091.jpg,0,original,camera,casia_splicing,eval,0.00018,4.1e-05
casia_splicing/au_092.jpg,0,original,camera,casia_splicing,eval,0.000193,0.996439
casia_splicing/au_093.jpg,0,original,camera,casia_splicing,eval,0.003984,1.1e-05
casia_splicing/au_094.jpg,0,original,camera,casia_splicing,eval,0.000413,0.000393
casia_splicing/au_095.jpg,0,original,camera,casia_splicing,eval,0.000548,0.000177
casia_splicing/au_096.jpg,0,original,camera,casia_splicing,eval,0.139894,6.9e-05
casia_splicing/au_097.jpg,0,original,camera,casia_splicing,eval,0.011408,0.999683
casia_splicing/au_098.jpg,0,original,camera,casia_splicing,eval,4.1e-05,0.994078
casia_splicing/au_099.jpg,0,original,camera,casia_splicing,eval,0.008463,0.000788
casia_splicing/au_100.jpg,0,original,camera,casia_splicing,eval,0.000136,0.000473
casia_splicing/au_101.jpg,0,original,camera,casia_splicing,eval,0.039032,0.000656
casia_splicing/tp_001.jpg,1,original,splice,casia_splicing,eval,5.5e-05,0.999761
casia_splicing/tp_002.jpg,1,original,splice,casia_splicing,eval,0.001728,0.999582
casia_splicing/tp_003.jpg,1,original,splice,casia_splicing,eval,3.1e-05,4.9e-05
casia_splicing/tp_004.jpg,1,original,splice,casia_splicing,eval,0.005967,0.000906
casia_splicing/tp_005.jpg,1,original,splice,casia_splicing,eval,0.015188,0.000765
casia_splicing/tp_006.jpg,1,original,splice,casia_splicing,eval,1.7e-05,8.3e-05
casia_splicing/tp_007.jpg,1,original,splice,casia_splicing,eval,1.9e-05,7.2e-05
casia_splicing/tp_008.jpg,1,original,splice,casia_splicing,eval,0.626429,0.999971
casia_splicing/tp_009.jpg,1,original,splice,casia_splicing,eval,0.188554,0.99992
casia_splicing/tp_010.jpg,1,original,splice,casia_splicing,eval,0.389313,0.999948
casia_splicing/tp_011.jpg,1,original,splice,casia_splicing,eval,0.298355,0.999968
casia_splicing/tp_012.jpg,1,original,splice,casia_splicing,eval,0.000698,0.001069
casia_splicing/tp_013.jpg,1,original,splice,casia_splicing,eval,0.001576,0.00051
casia_splicing/tp_014.jpg,1,original,splice,casia_splicing,eval,0.000663,0.000961
casia_splicing/tp_015.jpg,1,original,splice,casia_splicing,eval,0.001444,0.002162
casia_splicing/tp_016.jpg,1,original,splice,casia_splicing,eval,0.000715,0.000882
casia_splicing/tp_017.jpg,1,original,splice,casia_splicing,eval,0.000291,0.000519
casia_splicing/tp_018.jpg,1,original,splice,casia_splicing,eval,0.002306,2.3e-05
casia_splicing/tp_019.jpg,1,original,splice,casia_splicing,eval,0.00229,3.9e-05
casia_splicing/tp_020.jpg,1,original,splice,casia_splicing,eval,0.021756,0.008451
casia_splicing/tp_021.jpg,1,original,splice,casia_splicing,eval,0.001848,3e-05
casia_splicing/tp_022.jpg,1,original,splice,casia_splicing,eval,3.1e-05,4e-05
casia_splicing/tp_023.jpg,1,original,splice,casia_splicing,eval,0.000283,0.000152
casia_splicing/tp_024.jpg,1,original,splice,casia_splicing,eval,0.000411,0.000167
casia_splicing/tp_025.jpg,1,original,splice,casia_splicing,eval,3e-05,1.4e-05
casia_splicing/tp_026.jpg,1,original,splice,casia_splicing,eval,3.3e-05,1e-06
casia_splicing/tp_027.jpg,1,original,splice,casia_splicing,eval,1.7e-05,6e-06
casia_splicing/tp_028.jpg,1,original,splice,casia_splicing,eval,0.000159,1.2e-05
casia_splicing/tp_029.jpg,1,original,splice,casia_splicing,eval,0.000212,2.9e-05
casia_splicing/tp_030.jpg,1,original,splice,casia_splicing,eval,2.8e-05,9e-06
casia_splicing/tp_031.jpg,1,original,splice,casia_splicing,eval,9.6e-05,1e-06
casia_splicing/tp_032.jpg,1,original,splice,casia_splicing,eval,9e-06,0.000196
casia_splicing/tp_033.jpg,1,original,splice,casia_splicing,eval,0.000223,1.9e-05
casia_splicing/tp_034.jpg,1,original,splice,casia_splicing,eval,3.7e-05,9e-06
casia_splicing/tp_035.jpg,1,original,splice,casia_splicing,eval,2.8e-05,4.7e-05
casia_splicing/tp_036.jpg,1,original,splice,casia_splicing,eval,3.8e-05,0.003138
casia_splicing/tp_037.jpg,1,original,splice,casia_splicing,eval,1.2e-05,0.000262
casia_splicing/tp_038.jpg,1,original,splice,casia_splicing,eval,0.000152,0.000218
casia_splicing/tp_039.jpg,1,original,splice,casia_splicing,eval,0.000349,0.000244
casia_splicing/tp_040.jpg,1,original,splice,casia_splicing,eval,3.5e-05,3e-06
casia_splicing/tp_041.jpg,1,original,splice,casia_splicing,eval,5e-06,6e-06
casia_splicing/tp_042.jpg,1,original,splice,casia_splicing,eval,0.000577,6e-06
casia_splicing/tp_043.jpg,1,original,splice,casia_splicing,eval,0.00085,3.7e-05
casia_splicing/tp_044.jpg,1,original,splice,casia_splicing,eval,0.000886,0.000258
casia_splicing/tp_045.jpg,1,original,splice,casia_splicing,eval,0.000657,0.509534
casia_splicing/tp_046.jpg,1,original,splice,casia_splicing,eval,5.2e-05,2e-06
casia_splicing/tp_047.jpg,1,original,splice,casia_splicing,eval,5.3e-05,0.00016
casia_splicing/tp_048.jpg,1,original,splice,casia_splicing,eval,1e-06,4e-06
casia_splicing/tp_049.jpg,1,original,splice,casia_splicing,eval,8e-06,7.5e-05
casia_splicing/tp_050.jpg,1,original,splice,casia_splicing,eval,0.000109,0.000143
casia_splicing/tp_051.jpg,1,original,splice,casia_splicing,eval,7e-06,9.1e-05
casia_splicing/tp_052.jpg,1,original,splice,casia_splicing,eval,0.000236,1e-06
casia_splicing/tp_053.jpg,1,original,splice,casia_splicing,eval,1.8e-05,6e-06
casia_splicing/tp_054.jpg,1,original,splice,casia_splicing,eval,6.7e-05,3.9e-05
casia_splicing/tp_055.jpg,1,original,splice,casia_splicing,eval,2e-05,5.9e-05
casia_splicing/tp_056.jpg,1,original,splice,casia_splicing,eval,3e-05,0.000247
casia_splicing/tp_057.jpg,1,original,splice,casia_splicing,eval,0.000711,0.998553
casia_splicing/tp_058.jpg,1,original,splice,casia_splicing,eval,0.002791,0.998969
casia_splicing/tp_059.jpg,1,original,splice,casia_splicing,eval,0.000239,6.4e-05
casia_splicing/tp_060.jpg,1,original,splice,casia_splicing,eval,2.7e-05,0.981583
casia_splicing/tp_061.jpg,1,original,splice,casia_splicing,eval,0.000286,0.257795
casia_splicing/tp_062.jpg,1,original,splice,casia_splicing,eval,0.000115,0.999562
casia_splicing/tp_063.jpg,1,original,splice,casia_splicing,eval,0.001001,0.998585
casia_splicing/tp_064.jpg,1,original,splice,casia_splicing,eval,1e-06,0.000597
casia_splicing/tp_065.jpg,1,original,splice,casia_splicing,eval,0.000695,0.998985
casia_splicing/tp_066.jpg,1,original,splice,casia_splicing,eval,0.000325,0.999362
casia_splicing/tp_067.jpg,1,original,splice,casia_splicing,eval,3.5e-05,0.991863
casia_splicing/tp_068.jpg,1,original,splice,casia_splicing,eval,0.000613,0.007553
casia_splicing/tp_069.jpg,1,original,splice,casia_splicing,eval,5.6e-05,0.999483
casia_splicing/tp_070.jpg,1,original,splice,casia_splicing,eval,8.2e-05,0.998163
casia_splicing/tp_071.jpeg,1,original,splice,casia_splicing,eval,5e-06,0.998122
casia_splicing/tp_072.jpg,1,original,splice,casia_splicing,eval,0.088925,0.999809
casia_splicing/tp_073.jpg,1,original,splice,casia_splicing,eval,4.2e-05,0.000606
casia_splicing/tp_074.jpg,1,original,splice,casia_splicing,eval,0.000115,0.998049
casia_splicing/tp_075.jpg,1,original,splice,casia_splicing,eval,0.000648,5.5e-05
casia_splicing/tp_076.jpg,1,original,splice,casia_splicing,eval,0.000166,4e-05
casia_splicing/tp_077.jpg,1,original,splice,casia_splicing,eval,2.7e-05,0.9972
casia_splicing/tp_078.jpg,1,original,splice,casia_splicing,eval,0.372708,0.000664
casia_splicing/tp_079.jpg,1,original,splice,casia_splicing,eval,0.001174,0.000364
casia_splicing/tp_080.jpg,1,original,splice,casia_splicing,eval,7.4e-05,0.999887
casia_splicing/tp_081.jpg,1,original,splice,casia_splicing,eval,0.016708,0.000986
casia_splicing/tp_082.jpg,1,original,splice,casia_splicing,eval,0.266384,0.00111
casia_splicing/tp_083.jpg,1,original,splice,casia_splicing,eval,7.1e-05,0.999354
casia_splicing/tp_084.jpg,1,original,splice,casia_splicing,eval,2.7e-05,0.998013
casia_splicing/tp_085.jpg,1,original,splice,casia_splicing,eval,0.349811,0.00104
casia_splicing/tp_086.jpg,1,original,splice,casia_splicing,eval,9.6e-05,0.00015
casia_splicing/tp_087.jpg,1,original,splice,casia_splicing,eval,0.004183,0.000213
casia_splicing/tp_088.jpg,1,original,splice,casia_splicing,eval,0.253633,0.00065
casia_splicing/tp_089.jpg,1,original,splice,casia_splicing,eval,0.085239,3.2e-05
casia_splicing/tp_090.jpg,1,original,splice,casia_splicing,eval,0.006857,0.001415
casia_splicing/tp_091.jpg,1,original,splice,casia_splicing,eval,5.8e-05,0.000182
casia_splicing/tp_092.jpg,1,original,splice,casia_splicing,eval,0.000546,0.000163
casia_splicing/tp_093.jpg,1,original,splice,casia_splicing,eval,0.001048,9.6e-05
casia_splicing/tp_094.jpg,1,original,splice,casia_splicing,eval,0.008507,0.00149
casia_splicing/tp_095.jpg,1,original,splice,casia_splicing,eval,0.000993,0.001451
casia_splicing/tp_096.jpg,1,original,splice,casia_splicing,eval,0.000701,7.4e-05
casia_splicing/tp_097.jpg,1,original,splice,casia_splicing,eval,0.000456,0.001544
casia_splicing/tp_098.jpg,1,original,splice,casia_splicing,eval,0.001797,0.000102
casia_splicing/tp_099.jpg,1,original,splice,casia_splicing,eval,0.000607,3e-05
casia_splicing/tp_100.jpg,1,original,splice,casia_splicing,eval,0.000453,0.0002
casia_splicing/tp_101.jpg,1,original,splice,casia_splicing,eval,0.022429,0.003516
